2018,6,14,17,25,26.261,73800,26.3,24.338,0
2018,6,14,17,25,26.825,73801,26.3,24.338,0
2018,6,14,17,25,27.386,73801,26.3,24.338,0
2018,6,14,17,25,27.948,73802,26.3,24.338,0
2018,6,14,17,25,28.511,73803,26.3,24.338,0
2018,6,14,17,25,29.074,73803,26.3,24.338,0
2018,6,14,17,25,29.636,73804,26.3,24.338,0
2018,6,14,17,25,30.197,73804,26.3,24.338,0
2018,6,14,17,25,30.757,73805,26.3,24.338,0
2018,6,14,17,25,31.324,73805,26.3,24.338,0
2018,6,14,17,25,31.886,73806,26.3,24.338,0
2018,6,14,17,25,32.444,73806,26.3,24.338,0
2018,6,14,17,25,33.005,73807,26.3,24.338,0
2018,6,14,17,25,33.571,73808,26.3,24.338,0
2018,6,14,17,25,34.129,73808,26.3,24.338,0
2018,6,14,17,25,34.694,73809,26.3,24.338,0
2018,6,14,17,25,35.254,73809,26.3,24.338,0
2018,6,14,17,25,35.816,73810,26.3,24.338,0
2018,6,14,17,25,36.377,73810,26.3,24.338,0
2018,6,14,17,25,36.942,73811,26.3,24.338,0
2018,6,14,17,25,37.502,73811,26.3,24.338,0
2018,6,14,17,25,38.064,73812,26.3,24.338,0
2018,6,14,17,25,38.626,73813,26.3,24.338,0
2018,6,14,17,25,39.191,73813,26.3,24.338,0
2018,6,14,17,25,39.753,73814,26.3,24.338,0
2018,6,14,17,25,40.314,73814,26.3,24.338,0
2018,6,14,17,25,40.875,73815,26.3,24.338,0
2018,6,14,17,25,41.441,73815,26.3,24.338,0
2018,6,14,17,25,41.999,73816,26.3,24.338,0
2018,6,14,17,25,42.562,73817,26.3,24.338,0
2018,6,14,17,25,43.128,73817,26.3,24.338,0
2018,6,14,17,25,43.689,73818,26.3,24.338,0
2018,6,14,17,25,44.248,73818,26.3,24.338,0
2018,6,14,17,25,44.812,73819,26.3,24.338,0
2018,6,14,17,25,45.375,73819,26.3,24.338,0
2018,6,14,17,25,45.938,73820,26.3,24.338,0
2018,6,14,17,25,46.497,73820,26.3,24.338,0
2018,6,14,17,25,47.059,73821,26.3,24.338,0
2018,6,14,17,25,47.624,73822,26.3,24.338,0
2018,6,14,17,25,48.185,73822,26.3,24.338,0
2018,6,14,17,25,48.746,73823,26.3,24.338,0
2018,6,14,17,25,49.309,73823,26.3,24.338,0
2018,6,14,17,25,49.869,73824,26.3,24.338,0
2018,6,14,17,25,50.429,73824,26.3,24.338,0
2018,6,14,17,25,50.99,73825,26.3,24.338,0
2018,6,14,17,25,51.552,73826,26.3,24.338,0
2018,6,14,17,25,52.113,73826,26.3,24.338,0
2018,6,14,17,25,52.677,73827,26.3,24.338,0
2018,6,14,17,25,53.238,73827,26.3,24.338,0
2018,6,14,17,25,53.801,73828,26.3,24.338,0
2018,6,14,17,25,54.363,73828,26.3,24.338,0
2018,6,14,17,25,54.926,73829,26.3,24.338,0
2018,6,14,17,25,55.483,73829,26.3,24.338,0
2018,6,14,17,25,56.049,73830,26.3,24.338,0
2018,6,14,17,25,56.61,73831,26.3,24.338,0
2018,6,14,17,25,57.171,73831,26.3,24.338,0
2018,6,14,17,25,57.732,73832,26.3,24.338,0
2018,6,14,17,25,58.298,73832,26.3,24.338,0
2018,6,14,17,25,58.858,73833,26.3,24.338,0
2018,6,14,17,25,59.419,73833,26.3,24.338,0
2018,6,14,17,25,59.982,73834,26.3,24.338,0
2018,6,14,17,26,0.548,73835,26.3,24.338,0
2018,6,14,17,26,1.108,73835,26.3,24.338,0
2018,6,14,17,26,1.668,73836,26.3,24.338,0
2018,6,14,17,26,2.233,73836,26.3,24.338,0
2018,6,14,17,26,2.794,73837,26.3,24.338,0
2018,6,14,17,26,3.355,73837,26.3,24.338,0
2018,6,14,17,26,3.916,73838,26.3,24.338,0
2018,6,14,17,26,4.483,73838,26.3,24.338,0
2018,6,14,17,26,5.043,73839,26.3,24.338,0
2018,6,14,17,26,5.604,73840,26.3,24.338,0
2018,6,14,17,26,6.165,73840,26.3,24.338,0
2018,6,14,17,26,6.726,73841,26.3,24.338,0
2018,6,14,17,26,7.292,73841,26.3,24.338,0
2018,6,14,17,26,7.854,73842,26.3,24.338,0
2018,6,14,17,26,8.415,73842,26.3,24.338,0
2018,6,14,17,26,8.976,73843,26.3,24.338,0
2018,6,14,17,26,9.542,73844,26.3,24.338,0
2018,6,14,17,26,10.101,73844,26.3,24.338,0
2018,6,14,17,26,10.663,73845,26.3,24.338,0
2018,6,14,17,26,11.223,73845,26.3,24.338,0
2018,6,14,17,26,11.788,73846,26.3,24.338,0
2018,6,14,17,26,12.351,73846,26.3,24.338,0
2018,6,14,17,26,12.911,73847,26.3,24.338,0
2018,6,14,17,26,13.474,73847,26.3,24.338,0
2018,6,14,17,26,14.038,73848,26.3,24.338,0
2018,6,14,17,26,14.599,73849,26.3,24.338,0
2018,6,14,17,26,15.16,73849,26.3,24.338,0
2018,6,14,17,26,15.718,73850,26.3,24.338,0
2018,6,14,17,26,16.282,73850,26.3,24.338,0
2018,6,14,17,26,16.844,73851,26.3,24.338,0
2018,6,14,17,26,17.405,73851,26.3,24.338,0
2018,6,14,17,26,17.964,73852,26.3,24.338,0
2018,6,14,17,26,18.531,73853,26.3,24.338,0
2018,6,14,17,26,19.092,73853,26.3,24.338,0
2018,6,14,17,26,19.653,73854,26.3,24.338,0
2018,6,14,17,26,20.216,73854,26.3,24.338,0
2018,6,14,17,26,20.781,73855,26.3,24.338,0
2018,6,14,17,26,21.336,73855,26.3,24.338,0
2018,6,14,17,26,21.9,73856,26.3,24.338,0
2018,6,14,17,26,22.462,73856,26.3,24.338,0
2018,6,14,17,26,23.025,73857,26.3,24.338,0
2018,6,14,17,26,23.586,73858,26.3,24.338,0
2018,6,14,17,26,24.15,73858,26.3,24.338,0
2018,6,14,17,26,24.711,73859,26.3,24.338,0
2018,6,14,17,26,25.271,73859,26.3,24.338,0
2018,6,14,17,26,25.833,73860,26.3,24.338,0
2018,6,14,17,26,26.398,73860,26.3,24.338,0
2018,6,14,17,26,26.96,73861,26.3,24.338,0
2018,6,14,17,26,27.521,73862,26.3,24.338,0
2018,6,14,17,26,28.082,73862,26.3,24.338,0
2018,6,14,17,26,28.644,73863,26.3,24.338,0
2018,6,14,17,26,29.204,73863,26.3,24.338,0
2018,6,14,17,26,29.769,73864,26.3,24.338,0
2018,6,14,17,26,30.327,73864,26.3,24.338,0
2018,6,14,17,26,30.891,73865,26.3,24.338,0
2018,6,14,17,26,31.453,73865,26.3,24.338,0
2018,6,14,17,26,32.013,73866,26.3,24.338,0
2018,6,14,17,26,32.576,73867,26.3,24.338,0
2018,6,14,17,26,33.139,73867,26.3,24.338,0
2018,6,14,17,26,33.702,73868,26.3,24.338,0
2018,6,14,17,26,34.262,73868,26.3,24.338,0
2018,6,14,17,26,34.824,73869,26.3,24.338,0
2018,6,14,17,26,35.386,73869,26.3,24.338,0
2018,6,14,17,26,35.946,73870,26.3,24.338,0
2018,6,14,17,26,36.507,73871,26.3,24.338,0
2018,6,14,17,26,37.068,73871,26.3,24.338,0
2018,6,14,17,26,37.629,73872,26.3,24.338,0
2018,6,14,17,26,38.19,73872,26.3,24.338,0
2018,6,14,17,26,38.752,73873,26.3,24.338,0
2018,6,14,17,26,39.313,73873,26.3,24.338,0
2018,6,14,17,26,39.873,73874,26.3,24.338,0
2018,6,14,17,26,40.438,73874,26.3,24.338,0
2018,6,14,17,26,41.001,73875,26.3,24.338,0
2018,6,14,17,26,41.561,73876,26.3,24.338,0
2018,6,14,17,26,42.122,73876,26.3,24.338,0
2018,6,14,17,26,42.683,73877,26.3,24.338,0
2018,6,14,17,26,43.244,73877,26.3,24.338,0
2018,6,14,17,26,43.809,73878,26.3,24.338,0
2018,6,14,17,26,44.372,73878,26.3,24.338,0
2018,6,14,17,26,44.932,73879,26.3,24.338,0
2018,6,14,17,26,45.493,73879,26.3,24.338,0
2018,6,14,17,26,46.059,73880,26.3,24.338,0
2018,6,14,17,26,46.619,73881,26.3,24.338,0
2018,6,14,17,26,47.18,73881,26.3,24.338,0
2018,6,14,17,26,47.74,73882,26.3,24.338,0
2018,6,14,17,26,48.306,73882,26.3,24.338,0
2018,6,14,17,26,48.864,73883,26.3,24.338,0
2018,6,14,17,26,49.424,73883,26.3,24.338,0
2018,6,14,17,26,49.985,73884,26.3,24.338,0
2018,6,14,17,26,50.548,73885,26.3,24.338,0
2018,6,14,17,26,51.113,73885,26.3,24.338,0
2018,6,14,17,26,51.674,73886,26.3,24.338,0
2018,6,14,17,26,52.234,73886,26.3,24.338,0
2018,6,14,17,26,52.795,73887,26.3,24.338,0
2018,6,14,17,26,53.356,73887,26.3,24.338,0
2018,6,14,17,26,53.919,73888,26.3,24.338,0
2018,6,14,17,26,54.484,73888,26.3,24.338,0
2018,6,14,17,26,55.041,73889,26.3,24.338,0
2018,6,14,17,26,55.606,73890,26.3,24.338,0
2018,6,14,17,26,56.168,73890,26.3,24.338,0
2018,6,14,17,26,56.727,73891,26.3,24.338,0
2018,6,14,17,26,57.29,73891,26.3,24.338,0
2018,6,14,17,26,57.854,73892,26.3,24.338,0
2018,6,14,17,26,58.414,73892,26.3,24.338,0
2018,6,14,17,26,58.976,73893,26.3,24.338,0
2018,6,14,17,26,59.541,73894,26.3,24.338,0
2018,6,14,17,27,0.101,73894,26.3,24.338,0
2018,6,14,17,27,0.663,73895,26.3,24.338,0
2018,6,14,17,27,1.224,73895,26.3,24.338,0
2018,6,14,17,27,1.79,73896,26.3,24.338,0
2018,6,14,17,27,2.351,73896,26.3,24.338,0
2018,6,14,17,27,2.913,73897,26.3,24.338,0
2018,6,14,17,27,3.474,73897,26.3,24.338,0
2018,6,14,17,27,4.037,73898,26.3,24.338,0
2018,6,14,17,27,4.599,73899,26.3,24.338,0
2018,6,14,17,27,5.161,73899,26.3,24.338,0
2018,6,14,17,27,5.722,73900,26.3,24.338,0
2018,6,14,17,27,6.283,73900,26.3,24.338,0
2018,6,14,17,27,6.843,73901,26.3,24.338,0
2018,6,14,17,27,7.41,73901,26.3,24.338,0
2018,6,14,17,27,7.967,73902,26.3,24.338,0
2018,6,14,17,27,8.532,73903,26.3,24.338,0
2018,6,14,17,27,9.092,73903,26.3,24.338,0
2018,6,14,17,27,9.654,73904,26.3,24.338,0
2018,6,14,17,27,10.215,73904,26.3,24.338,0
2018,6,14,17,27,10.78,73905,26.3,24.338,0
2018,6,14,17,27,11.341,73905,26.3,24.338,0
2018,6,14,17,27,11.902,73906,26.3,24.338,0
2018,6,14,17,27,12.463,73906,26.3,24.338,0
2018,6,14,17,27,13.029,73907,26.3,24.338,0
2018,6,14,17,27,13.585,73908,26.3,24.338,0
2018,6,14,17,27,14.147,73908,26.3,24.338,0
2018,6,14,17,27,14.708,73909,26.3,24.338,0
2018,6,14,17,27,15.268,73909,26.3,24.338,0
2018,6,14,17,27,15.835,73910,26.3,24.338,0
2018,6,14,17,27,16.391,73910,26.3,24.338,0
2018,6,14,17,27,16.957,73911,26.3,24.338,0
2018,6,14,17,27,17.518,73912,26.4,24.448,0
2018,6,14,17,27,18.078,73912,26.3,24.338,0
2018,6,14,17,27,18.64,73913,26.3,24.338,0
2018,6,14,17,27,19.205,73913,26.3,24.338,0
2018,6,14,17,27,19.767,73914,26.3,24.338,0
2018,6,14,17,27,20.328,73914,26.3,24.338,0
2018,6,14,17,27,20.889,73915,26.3,24.338,0
2018,6,14,17,27,21.45,73915,26.3,24.338,0
2018,6,14,17,27,22.01,73916,26.3,24.338,0
2018,6,14,17,27,22.576,73917,26.3,24.338,0
2018,6,14,17,27,23.137,73917,26.3,24.338,0
2018,6,14,17,27,23.697,73918,26.3,24.338,0
2018,6,14,17,27,24.26,73918,26.3,24.338,0
2018,6,14,17,27,24.825,73919,26.3,24.338,0
2018,6,14,17,27,25.386,73919,26.3,24.338,0
2018,6,14,17,27,25.946,73920,26.3,24.338,0
2018,6,14,17,27,26.507,73921,26.3,24.338,0
2018,6,14,17,27,27.069,73921,26.3,24.338,0
2018,6,14,17,27,27.63,73922,26.3,24.338,0
2018,6,14,17,27,28.189,73922,26.3,24.338,0
2018,6,14,17,27,28.755,73923,26.3,24.338,0
2018,6,14,17,27,29.318,73923,26.3,24.338,0
2018,6,14,17,27,29.878,73924,26.3,24.338,0
2018,6,14,17,27,30.44,73924,26.3,24.338,0
2018,6,14,17,27,31.001,73925,26.3,24.338,0
2018,6,14,17,27,31.561,73926,26.3,24.338,0
2018,6,14,17,27,32.127,73926,26.3,24.338,0
2018,6,14,17,27,32.687,73927,26.3,24.338,0
2018,6,14,17,27,33.251,73927,26.3,24.338,0
2018,6,14,17,27,33.811,73928,26.3,24.338,0
2018,6,14,17,27,34.372,73928,26.3,24.338,0
2018,6,14,17,27,34.934,73929,26.3,24.338,0
2018,6,14,17,27,35.497,73929,26.3,24.338,0
2018,6,14,17,27,36.059,73930,26.3,24.338,0
2018,6,14,17,27,36.621,73931,26.3,24.338,0
2018,6,14,17,27,37.181,73931,26.3,24.338,0
2018,6,14,17,27,37.746,73932,26.3,24.338,0
2018,6,14,17,27,38.307,73932,26.3,24.338,0
2018,6,14,17,27,38.869,73933,26.3,24.338,0
2018,6,14,17,27,39.429,73933,26.3,24.338,0
2018,6,14,17,27,39.995,73934,26.3,24.338,0
2018,6,14,17,27,40.556,73935,26.3,24.338,0
2018,6,14,17,27,41.116,73935,26.3,24.338,0
2018,6,14,17,27,41.679,73936,26.3,24.338,0
2018,6,14,17,27,42.245,73936,26.3,24.338,0
2018,6,14,17,27,42.805,73937,26.3,24.338,0
2018,6,14,17,27,43.366,73937,26.3,24.338,0
2018,6,14,17,27,43.926,73938,26.3,24.338,0
2018,6,14,17,27,44.493,73938,26.3,24.338,0
2018,6,14,17,27,45.053,73939,26.3,24.338,0
2018,6,14,17,27,45.613,73940,26.3,24.338,0
2018,6,14,17,27,46.175,73940,26.3,24.338,0
2018,6,14,17,27,46.741,73941,26.3,24.338,0
2018,6,14,17,27,47.301,73941,26.3,24.338,0
2018,6,14,17,27,47.862,73942,26.3,24.338,0
2018,6,14,17,27,48.424,73942,26.3,24.338,0
2018,6,14,17,27,48.991,73943,26.3,24.338,0
2018,6,14,17,27,49.551,73944,26.3,24.338,0
2018,6,14,17,27,50.112,73944,26.3,24.338,0
2018,6,14,17,27,50.674,73945,26.3,24.338,0
2018,6,14,17,27,51.238,73945,26.3,24.338,0
2018,6,14,17,27,51.794,73946,26.3,24.338,0
2018,6,14,17,27,52.36,73946,26.3,24.338,0
2018,6,14,17,27,52.921,73947,26.3,24.338,0
2018,6,14,17,27,53.483,73947,26.3,24.338,0
2018,6,14,17,27,54.045,73948,26.3,24.338,0
2018,6,14,17,27,54.605,73949,26.3,24.338,0
2018,6,14,17,27,55.167,73949,26.3,24.338,0
2018,6,14,17,27,55.728,73950,26.3,24.338,0
2018,6,14,17,27,56.289,73950,26.3,24.338,0
2018,6,14,17,27,56.849,73951,26.3,24.338,0
2018,6,14,17,27,57.41,73951,26.3,24.338,0
2018,6,14,17,27,57.971,73952,26.3,24.338,0
2018,6,14,17,27,58.531,73953,26.3,24.338,0
2018,6,14,17,27,59.097,73953,26.3,24.338,0
2018,6,14,17,27,59.658,73954,26.3,24.338,0
2018,6,14,17,28,0.219,73954,26.3,24.338,0
2018,6,14,17,28,0.781,73955,26.3,24.338,0
2018,6,14,17,28,1.346,73955,26.3,24.338,0
2018,6,14,17,28,1.908,73956,26.3,24.338,0
2018,6,14,17,28,2.47,73956,26.3,24.338,0
2018,6,14,17,28,3.034,73957,26.3,24.338,0
2018,6,14,17,28,3.595,73958,26.3,24.338,0
2018,6,14,17,28,4.156,73958,26.3,24.338,0
2018,6,14,17,28,4.718,73959,26.3,24.338,0
2018,6,14,17,28,5.283,73959,26.3,24.338,0
2018,6,14,17,28,5.843,73960,26.3,24.338,0
2018,6,14,17,28,6.404,73960,26.3,24.338,0
2018,6,14,17,28,6.966,73961,26.3,24.338,0
2018,6,14,17,28,7.531,73962,26.3,24.338,0
2018,6,14,17,28,8.093,73962,26.3,24.338,0
2018,6,14,17,28,8.653,73963,26.3,24.338,0
2018,6,14,17,28,9.213,73963,26.3,24.338,0
2018,6,14,17,28,9.778,73964,26.3,24.338,0
2018,6,14,17,28,10.336,73964,26.3,24.338,0
2018,6,14,17,28,10.902,73965,26.3,24.338,0
2018,6,14,17,28,11.462,73965,26.3,24.338,0
2018,6,14,17,28,12.024,73966,26.3,24.338,0
2018,6,14,17,28,12.586,73967,26.3,24.338,0
2018,6,14,17,28,13.152,73967,26.3,24.338,0
2018,6,14,17,28,13.71,73968,26.3,24.338,0
2018,6,14,17,28,14.273,73968,26.3,24.338,0
2018,6,14,17,28,14.834,73969,26.3,24.338,0
2018,6,14,17,28,15.398,73969,26.3,24.338,0
2018,6,14,17,28,15.961,73970,26.3,24.338,0
2018,6,14,17,28,16.522,73971,26.3,24.338,0
2018,6,14,17,28,17.086,73971,26.3,24.338,0
2018,6,14,17,28,17.649,73972,26.3,24.338,0
2018,6,14,17,28,18.204,73972,26.3,24.338,0
2018,6,14,17,28,18.77,73973,26.3,24.338,0
2018,6,14,17,28,19.327,73973,26.3,24.338,0
2018,6,14,17,28,19.892,73974,26.3,24.338,0
2018,6,14,17,28,20.453,73974,26.3,24.338,0
2018,6,14,17,28,21.013,73975,26.3,24.338,0
2018,6,14,17,28,21.576,73976,26.3,24.338,0
2018,6,14,17,28,22.137,73976,26.3,24.338,0
2018,6,14,17,28,22.698,73977,26.3,24.338,0
2018,6,14,17,28,23.258,73977,26.3,24.338,0
2018,6,14,17,28,23.819,73978,26.3,24.338,0
2018,6,14,17,28,24.384,73978,26.3,24.338,0
2018,6,14,17,28,24.946,73979,26.3,24.338,0
2018,6,14,17,28,25.507,73980,26.4,24.448,0
2018,6,14,17,28,26.068,73980,26.3,24.338,0
2018,6,14,17,28,26.633,73981,26.3,24.338,0
2018,6,14,17,28,27.194,73981,26.3,24.338,0
2018,6,14,17,28,27.755,73982,26.3,24.338,0
2018,6,14,17,28,28.317,73982,26.3,24.338,0
2018,6,14,17,28,28.878,73983,26.3,24.338,0
2018,6,14,17,28,29.439,73983,26.3,24.338,0
2018,6,14,17,28,30.004,73984,26.3,24.338,0
2018,6,14,17,28,30.562,73985,26.3,24.338,0
2018,6,14,17,28,31.122,73985,26.3,24.338,0
2018,6,14,17,28,31.685,73986,26.3,24.338,0
2018,6,14,17,28,32.244,73986,26.3,24.338,0
2018,6,14,17,28,32.811,73987,26.3,24.338,0
2018,6,14,17,28,33.372,73987,26.3,24.338,0
2018,6,14,17,28,33.933,73988,26.3,24.338,0
2018,6,14,17,28,34.493,73988,26.3,24.338,0
2018,6,14,17,28,35.054,73989,26.3,24.338,0
2018,6,14,17,28,35.615,73990,26.3,24.338,0
2018,6,14,17,28,36.18,73990,26.3,24.338,0
2018,6,14,17,28,36.741,73991,26.3,24.338,0
2018,6,14,17,28,37.302,73991,26.3,24.338,0
2018,6,14,17,28,37.865,73992,26.3,24.338,0
2018,6,14,17,28,38.425,73992,26.3,24.338,0
2018,6,14,17,28,38.986,73993,26.3,24.338,0
2018,6,14,17,28,39.553,73994,26.3,24.338,0
2018,6,14,17,28,40.109,73994,26.3,24.338,0
2018,6,14,17,28,40.675,73995,26.3,24.338,0
2018,6,14,17,28,41.234,73995,26.3,24.338,0
2018,6,14,17,28,41.795,73996,26.3,24.338,0
2018,6,14,17,28,42.358,73996,26.3,24.338,0
2018,6,14,17,28,42.918,73997,26.3,24.338,0
2018,6,14,17,28,43.484,73997,26.3,24.338,0
2018,6,14,17,28,44.045,73998,26.3,24.338,0
2018,6,14,17,28,44.604,73999,26.3,24.338,0
2018,6,14,17,28,45.166,73999,26.3,24.338,0
2018,6,14,17,28,45.728,74000,26.3,24.338,0
2018,6,14,17,28,46.289,74000,26.3,24.338,0
2018,6,14,17,28,46.849,74001,26.3,24.338,0
2018,6,14,17,28,47.415,74001,26.3,24.338,0
2018,6,14,17,28,47.975,74002,26.3,24.338,0
2018,6,14,17,28,48.537,74003,26.3,24.338,0
2018,6,14,17,28,49.1,74003,26.3,24.338,0
2018,6,14,17,28,49.661,74004,26.3,24.338,0
2018,6,14,17,28,50.221,74004,26.3,24.338,0
2018,6,14,17,28,50.781,74005,26.3,24.338,0
2018,6,14,17,28,51.343,74005,26.3,24.338,0
2018,6,14,17,28,51.907,74006,26.3,24.338,0
2018,6,14,17,28,52.466,74006,26.3,24.338,0
2018,6,14,17,28,53.03,74007,26.3,24.338,0
2018,6,14,17,28,53.592,74008,26.3,24.338,0
2018,6,14,17,28,54.153,74008,26.3,24.338,0
2018,6,14,17,28,54.713,74009,26.3,24.338,0
2018,6,14,17,28,55.28,74009,26.3,24.338,0
2018,6,14,17,28,55.84,74010,26.3,24.338,0
2018,6,14,17,28,56.401,74010,26.3,24.338,0
2018,6,14,17,28,56.963,74011,26.3,24.338,0
2018,6,14,17,28,57.529,74012,26.3,24.338,0
2018,6,14,17,28,58.09,74012,26.3,24.338,0
2018,6,14,17,28,58.65,74013,26.3,24.338,0
2018,6,14,17,28,59.212,74013,26.3,24.338,0
2018,6,14,17,28,59.773,74014,26.3,24.338,0
2018,6,14,17,29,0.332,74014,26.4,24.448,0
2018,6,14,17,29,0.898,74015,26.3,24.338,0
2018,6,14,17,29,1.459,74015,26.3,24.338,0
2018,6,14,17,29,2.017,74016,26.3,24.338,0
2018,6,14,17,29,2.581,74017,26.3,24.338,0
2018,6,14,17,29,3.143,74017,26.3,24.338,0
2018,6,14,17,29,3.704,74018,26.3,24.338,0
2018,6,14,17,29,4.27,74018,26.3,24.338,0
2018,6,14,17,29,4.83,74019,26.3,24.338,0
2018,6,14,17,29,5.39,74019,26.3,24.338,0
2018,6,14,17,29,5.952,74020,26.3,24.338,0
2018,6,14,17,29,6.515,74021,26.3,24.338,0
2018,6,14,17,29,7.08,74021,26.3,24.338,0
2018,6,14,17,29,7.636,74022,26.3,24.338,0
2018,6,14,17,29,8.202,74022,26.3,24.338,0
2018,6,14,17,29,8.763,74023,26.3,24.338,0
2018,6,14,17,29,9.323,74023,26.3,24.338,0
2018,6,14,17,29,9.884,74024,26.4,24.448,0
2018,6,14,17,29,10.445,74024,26.3,24.338,0
2018,6,14,17,29,11.008,74025,26.3,24.338,0
2018,6,14,17,29,11.567,74026,26.3,24.338,0
2018,6,14,17,29,12.128,74026,26.3,24.338,0
2018,6,14,17,29,12.69,74027,26.3,24.338,0
2018,6,14,17,29,13.256,74027,26.3,24.338,0
2018,6,14,17,29,13.815,74028,26.3,24.338,0
2018,6,14,17,29,14.378,74028,26.3,24.338,0
2018,6,14,17,29,14.939,74029,26.3,24.338,0
2018,6,14,17,29,15.503,74030,26.3,24.338,0
2018,6,14,17,29,16.066,74030,26.3,24.338,0
2018,6,14,17,29,16.625,74031,26.3,24.338,0
2018,6,14,17,29,17.187,74031,26.3,24.338,0
2018,6,14,17,29,17.752,74032,26.3,24.338,0
2018,6,14,17,29,18.31,74032,26.3,24.338,0
2018,6,14,17,29,18.874,74033,26.3,24.338,0
2018,6,14,17,29,19.436,74033,26.3,24.338,0
2018,6,14,17,29,19.997,74034,26.3,24.338,0
2018,6,14,17,29,20.558,74035,26.3,24.338,0
2018,6,14,17,29,21.118,74035,26.3,24.338,0
2018,6,14,17,29,21.685,74036,26.3,24.338,0
2018,6,14,17,29,22.246,74036,26.3,24.338,0
2018,6,14,17,29,22.807,74037,26.3,24.338,0
2018,6,14,17,29,23.372,74037,26.3,24.338,0
2018,6,14,17,29,23.934,74038,26.3,24.338,0
2018,6,14,17,29,24.494,74038,26.3,24.338,0
2018,6,14,17,29,25.056,74039,26.4,24.448,0
2018,6,14,17,29,25.62,74040,26.3,24.338,0
2018,6,14,17,29,26.18,74040,26.3,24.338,0
2018,6,14,17,29,26.744,74041,26.3,24.338,0
2018,6,14,17,29,27.305,74041,26.3,24.338,0
2018,6,14,17,29,27.864,74042,26.3,24.338,0
2018,6,14,17,29,28.426,74042,26.3,24.338,0
2018,6,14,17,29,28.991,74043,26.3,24.338,0
2018,6,14,17,29,29.553,74044,26.3,24.338,0
2018,6,14,17,29,30.115,74044,26.3,24.338,0
2018,6,14,17,29,30.675,74045,26.3,24.338,0
2018,6,14,17,29,31.239,74045,26.3,24.338,0
2018,6,14,17,29,31.801,74046,26.3,24.338,0
2018,6,14,17,29,32.361,74046,26.3,24.338,0
2018,6,14,17,29,32.928,74047,26.3,24.338,0
2018,6,14,17,29,33.489,74047,26.3,24.338,0
2018,6,14,17,29,34.049,74048,26.3,24.338,0
2018,6,14,17,29,34.611,74049,26.3,24.338,0
2018,6,14,17,29,35.172,74049,26.3,24.338,0
2018,6,14,17,29,35.733,74050,26.3,24.338,0
2018,6,14,17,29,36.293,74050,26.3,24.338,0
2018,6,14,17,29,36.854,74051,26.3,24.338,0
2018,6,14,17,29,37.416,74051,26.3,24.338,0
2018,6,14,17,29,37.982,74052,26.3,24.338,0
2018,6,14,17,29,38.542,74053,26.3,24.338,0
2018,6,14,17,29,39.104,74053,26.3,24.338,0
2018,6,14,17,29,39.67,74054,26.3,24.338,0
2018,6,14,17,29,40.229,74054,26.3,24.338,0
2018,6,14,17,29,40.791,74055,26.3,24.338,0
2018,6,14,17,29,41.353,74055,26.3,24.338,0
2018,6,14,17,29,41.917,74056,26.3,24.338,0
2018,6,14,17,29,42.478,74056,26.3,24.338,0
2018,6,14,17,29,43.039,74057,26.3,24.338,0
2018,6,14,17,29,43.6,74058,26.3,24.338,0
2018,6,14,17,29,44.162,74058,26.3,24.338,0
2018,6,14,17,29,44.728,74059,26.3,24.338,0
2018,6,14,17,29,45.289,74059,26.3,24.338,0
2018,6,14,17,29,45.848,74060,26.3,24.338,0
2018,6,14,17,29,46.41,74060,26.3,24.338,0
2018,6,14,17,29,46.971,74061,26.3,24.338,0
2018,6,14,17,29,47.533,74062,26.3,24.338,0
2018,6,14,17,29,48.099,74062,26.3,24.338,0
2018,6,14,17,29,48.659,74063,26.3,24.338,0
2018,6,14,17,29,49.219,74063,26.3,24.338,0
2018,6,14,17,29,49.781,74064,26.3,24.338,0
2018,6,14,17,29,50.342,74064,26.3,24.338,0
2018,6,14,17,29,50.903,74065,26.3,24.338,0
2018,6,14,17,29,51.469,74065,26.3,24.338,0
2018,6,14,17,29,52.03,74066,26.3,24.338,0
2018,6,14,17,29,52.59,74067,26.3,24.338,0
2018,6,14,17,29,53.151,74067,26.3,24.338,0
2018,6,14,17,29,53.718,74068,26.3,24.338,0
2018,6,14,17,29,54.278,74068,26.3,24.338,0
2018,6,14,17,29,54.84,74069,26.3,24.338,0
2018,6,14,17,29,55.406,74069,26.3,24.338,0
2018,6,14,17,29,55.965,74070,26.3,24.338,0
2018,6,14,17,29,56.526,74071,26.3,24.338,0
2018,6,14,17,29,57.088,74071,26.3,24.338,0
2018,6,14,17,29,57.65,74072,26.3,24.338,0
2018,6,14,17,29,58.209,74072,26.3,24.338,0
2018,6,14,17,29,58.775,74073,26.3,24.338,0
2018,6,14,17,29,59.337,74073,26.3,24.338,0
2018,6,14,17,29,59.898,74074,26.3,24.338,0
2018,6,14,17,30,0.459,74074,26.3,24.338,0
2018,6,14,17,30,1.022,74075,26.3,24.338,0
2018,6,14,17,30,1.585,74076,26.3,24.338,0
2018,6,14,17,30,2.146,74076,26.3,24.338,0
2018,6,14,17,30,2.706,74077,26.3,24.338,0
2018,6,14,17,30,3.272,74077,26.3,24.338,0
2018,6,14,17,30,3.833,74078,26.3,24.338,0
2018,6,14,17,30,4.394,74078,26.3,24.338,0
2018,6,14,17,30,4.957,74079,26.3,24.338,0
2018,6,14,17,30,5.516,74080,26.3,24.338,0
2018,6,14,17,30,6.082,74080,26.3,24.338,0
2018,6,14,17,30,6.645,74081,26.3,24.338,0
2018,6,14,17,30,7.205,74081,26.3,24.338,0
2018,6,14,17,30,7.767,74082,26.4,24.448,0
2018,6,14,17,30,8.331,74082,26.3,24.338,0
2018,6,14,17,30,8.892,74083,26.3,24.338,0
2018,6,14,17,30,9.452,74083,26.3,24.338,0
2018,6,14,17,30,10.018,74084,26.3,24.338,0
2018,6,14,17,30,10.579,74085,26.3,24.338,0
2018,6,14,17,30,11.141,74085,26.3,24.338,0
2018,6,14,17,30,11.701,74086,26.3,24.338,0
2018,6,14,17,30,12.266,74086,26.3,24.338,0
2018,6,14,17,30,12.828,74087,26.3,24.338,0
2018,6,14,17,30,13.387,74087,26.3,24.338,0
2018,6,14,17,30,13.95,74088,26.3,24.338,0
2018,6,14,17,30,14.514,74089,26.3,24.338,0
2018,6,14,17,30,15.076,74089,26.3,24.338,0
2018,6,14,17,30,15.637,74090,26.3,24.338,0
2018,6,14,17,30,16.198,74090,26.3,24.338,0
2018,6,14,17,30,16.765,74091,26.3,24.338,0
2018,6,14,17,30,17.325,74091,26.3,24.338,0
2018,6,14,17,30,17.886,74092,26.3,24.338,0
2018,6,14,17,30,18.447,74092,26.3,24.338,0
2018,6,14,17,30,19.011,74093,26.3,24.338,0
2018,6,14,17,30,19.57,74094,26.3,24.338,0
2018,6,14,17,30,20.135,74094,26.3,24.338,0
2018,6,14,17,30,20.696,74095,26.3,24.338,0
2018,6,14,17,30,21.257,74095,26.3,24.338,0
2018,6,14,17,30,21.817,74096,26.3,24.338,0
2018,6,14,17,30,22.383,74096,26.3,24.338,0
2018,6,14,17,30,22.945,74097,26.3,24.338,0
2018,6,14,17,30,23.506,74098,26.3,24.338,0
2018,6,14,17,30,24.07,74098,26.3,24.338,0
2018,6,14,17,30,24.632,74099,26.3,24.338,0
2018,6,14,17,30,25.193,74099,26.3,24.338,0
2018,6,14,17,30,25.754,74100,26.4,24.448,0
2018,6,14,17,30,26.319,74100,26.4,24.448,0
2018,6,14,17,30,26.881,74101,26.3,24.338,0
2018,6,14,17,30,27.442,74101,26.3,24.338,0
2018,6,14,17,30,28.003,74102,26.3,24.338,0
2018,6,14,17,30,28.567,74103,26.3,24.338,0
2018,6,14,17,30,29.125,74103,26.3,24.338,0
2018,6,14,17,30,29.691,74104,26.3,24.338,0
2018,6,14,17,30,30.252,74104,26.3,24.338,0
2018,6,14,17,30,30.812,74105,26.3,24.338,0
2018,6,14,17,30,31.372,74105,26.3,24.338,0
2018,6,14,17,30,31.938,74106,26.3,24.338,0
2018,6,14,17,30,32.499,74106,26.3,24.338,0
2018,6,14,17,30,33.06,74107,26.3,24.338,0
2018,6,14,17,30,33.621,74108,26.3,24.338,0
2018,6,14,17,30,34.188,74108,26.3,24.338,0
2018,6,14,17,30,34.743,74109,26.3,24.338,0
2018,6,14,17,30,35.306,74109,26.3,24.338,0
2018,6,14,17,30,35.867,74110,26.3,24.338,0
2018,6,14,17,30,36.432,74110,26.3,24.338,0
2018,6,14,17,30,36.994,74111,26.3,24.338,0
2018,6,14,17,30,37.554,74112,26.3,24.338,0
2018,6,14,17,30,38.116,74112,26.3,24.338,0
2018,6,14,17,30,38.676,74113,26.3,24.338,0
2018,6,14,17,30,39.241,74113,26.3,24.338,0
2018,6,14,17,30,39.799,74114,26.3,24.338,0
2018,6,14,17,30,40.363,74114,26.3,24.338,0
2018,6,14,17,30,40.925,74115,26.3,24.338,0
2018,6,14,17,30,41.485,74115,26.3,24.338,0
2018,6,14,17,30,42.047,74116,26.3,24.338,0
2018,6,14,17,30,42.61,74117,26.3,24.338,0
2018,6,14,17,30,43.173,74117,26.3,24.338,0
2018,6,14,17,30,43.734,74118,26.3,24.338,0
2018,6,14,17,30,44.299,74118,26.3,24.338,0
2018,6,14,17,30,44.861,74119,26.3,24.338,0
2018,6,14,17,30,45.423,74119,26.3,24.338,0
2018,6,14,17,30,45.984,74120,26.3,24.338,0
2018,6,14,17,30,46.544,74121,26.3,24.338,0
2018,6,14,17,30,47.105,74121,26.3,24.338,0
2018,6,14,17,30,47.666,74122,26.3,24.338,0
2018,6,14,17,30,48.232,74122,26.3,24.338,0
2018,6,14,17,30,48.793,74123,26.3,24.338,0
2018,6,14,17,30,49.354,74123,26.3,24.338,0
2018,6,14,17,30,49.914,74124,26.3,24.338,0
2018,6,14,17,30,50.477,74124,26.3,24.338,0
2018,6,14,17,30,51.037,74125,26.3,24.338,0
2018,6,14,17,30,51.603,74126,26.3,24.338,0
2018,6,14,17,30,52.163,74126,26.3,24.338,0
2018,6,14,17,30,52.726,74127,26.3,24.338,0
2018,6,14,17,30,53.283,74127,26.3,24.338,0
2018,6,14,17,30,53.848,74128,26.3,24.338,0
2018,6,14,17,30,54.409,74128,26.3,24.338,0
2018,6,14,17,30,54.969,74129,26.3,24.338,0
2018,6,14,17,30,55.531,74130,26.3,24.338,0
2018,6,14,17,30,56.092,74130,26.3,24.338,0
2018,6,14,17,30,56.658,74131,26.3,24.338,0
2018,6,14,17,30,57.218,74131,26.3,24.338,0
2018,6,14,17,30,57.78,74132,26.3,24.338,0
2018,6,14,17,30,58.339,74132,26.3,24.338,0
2018,6,14,17,30,58.906,74133,26.3,24.338,0
2018,6,14,17,30,59.467,74133,26.3,24.338,0
2018,6,14,17,31,0.028,74134,26.3,24.338,0
2018,6,14,17,31,0.588,74135,26.3,24.338,0
2018,6,14,17,31,1.153,74135,26.3,24.338,0
2018,6,14,17,31,1.716,74136,26.3,24.338,0
2018,6,14,17,31,2.277,74136,26.3,24.338,0
2018,6,14,17,31,2.837,74137,26.3,24.338,0
2018,6,14,17,31,3.399,74137,26.3,24.338,0
2018,6,14,17,31,3.96,74138,26.3,24.338,0
2018,6,14,17,31,4.524,74139,26.3,24.338,0
2018,6,14,17,31,5.087,74139,26.3,24.338,0
2018,6,14,17,31,5.646,74140,26.3,24.338,0
2018,6,14,17,31,6.208,74140,26.3,24.338,0
2018,6,14,17,31,6.772,74141,26.3,24.338,0
2018,6,14,17,31,7.334,74141,26.3,24.338,0
2018,6,14,17,31,7.895,74142,26.3,24.338,0
2018,6,14,17,31,8.457,74142,26.3,24.338,0
2018,6,14,17,31,9.021,74143,26.3,24.338,0
2018,6,14,17,31,9.584,74144,26.3,24.338,0
2018,6,14,17,31,10.143,74144,26.3,24.338,0
2018,6,14,17,31,10.704,74145,26.3,24.338,0
2018,6,14,17,31,11.27,74145,26.3,24.338,0
2018,6,14,17,31,11.83,74146,26.3,24.338,0
2018,6,14,17,31,12.392,74146,26.4,24.448,0
2018,6,14,17,31,12.952,74147,26.3,24.338,0
2018,6,14,17,31,13.52,74148,26.3,24.338,0
2018,6,14,17,31,14.079,74148,26.3,24.338,0
2018,6,14,17,31,14.642,74149,26.3,24.338,0
2018,6,14,17,31,15.202,74149,26.3,24.338,0
2018,6,14,17,31,15.764,74150,26.3,24.338,0
2018,6,14,17,31,16.324,74150,26.3,24.338,0
2018,6,14,17,31,16.885,74151,26.3,24.338,0
2018,6,14,17,31,17.448,74151,26.3,24.338,0
2018,6,14,17,31,18.012,74152,26.3,24.338,0
2018,6,14,17,31,18.572,74153,26.3,24.338,0
2018,6,14,17,31,19.129,74153,26.4,24.448,0
2018,6,14,17,31,19.694,74154,26.3,24.338,0
2018,6,14,17,31,20.255,74154,26.3,24.338,0
2018,6,14,17,31,20.818,74155,26.3,24.338,0
2018,6,14,17,31,21.382,74155,26.3,24.338,0
2018,6,14,17,31,21.944,74156,26.3,24.338,0
2018,6,14,17,31,22.505,74157,26.3,24.338,0
2018,6,14,17,31,23.067,74157,26.3,24.338,0
2018,6,14,17,31,23.628,74158,26.3,24.338,0
2018,6,14,17,31,24.188,74158,26.3,24.338,0
2018,6,14,17,31,24.754,74159,26.3,24.338,0
2018,6,14,17,31,25.314,74159,26.3,24.338,0
2018,6,14,17,31,25.875,74160,26.3,24.338,0
2018,6,14,17,31,26.436,74160,26.3,24.338,0
2018,6,14,17,31,26.998,74161,26.3,24.338,0
2018,6,14,17,31,27.563,74162,26.3,24.338,0
2018,6,14,17,31,28.126,74162,26.3,24.338,0
2018,6,14,17,31,28.685,74163,26.3,24.338,0
2018,6,14,17,31,29.248,74163,26.3,24.338,0
2018,6,14,17,31,29.811,74164,26.3,24.338,0
2018,6,14,17,31,30.373,74164,26.3,24.338,0
2018,6,14,17,31,30.934,74165,26.4,24.448,0
2018,6,14,17,31,31.498,74165,26.3,24.338,0
2018,6,14,17,31,32.061,74166,26.3,24.338,0
2018,6,14,17,31,32.622,74167,26.3,24.338,0
2018,6,14,17,31,33.182,74167,26.3,24.338,0
2018,6,14,17,31,33.746,74168,26.3,24.338,0
2018,6,14,17,31,34.308,74168,26.3,24.338,0
2018,6,14,17,31,34.87,74169,26.3,24.338,0
2018,6,14,17,31,35.431,74169,26.3,24.338,0
2018,6,14,17,31,35.993,74170,26.3,24.338,0
2018,6,14,17,31,36.553,74171,26.3,24.338,0
2018,6,14,17,31,37.119,74171,26.3,24.338,0
2018,6,14,17,31,37.679,74172,26.3,24.338,0
2018,6,14,17,31,38.239,74172,26.3,24.338,0
2018,6,14,17,31,38.802,74173,26.3,24.338,0
2018,6,14,17,31,39.367,74173,26.3,24.338,0
2018,6,14,17,31,39.929,74174,26.3,24.338,0
2018,6,14,17,31,40.49,74174,26.3,24.338,0
2018,6,14,17,31,41.051,74175,26.3,24.338,0
2018,6,14,17,31,41.615,74176,26.4,24.448,0
2018,6,14,17,31,42.176,74176,26.3,24.338,0
2018,6,14,17,31,42.738,74177,26.3,24.338,0
2018,6,14,17,31,43.298,74177,26.3,24.338,0
2018,6,14,17,31,43.865,74178,26.3,24.338,0
2018,6,14,17,31,44.425,74178,26.3,24.338,0
2018,6,14,17,31,44.986,74179,26.3,24.338,0
2018,6,14,17,31,45.547,74180,26.3,24.338,0
2018,6,14,17,31,46.114,74180,26.3,24.338,0
2018,6,14,17,31,46.673,74181,26.3,24.338,0
2018,6,14,17,31,47.235,74181,26.3,24.338,0
2018,6,14,17,31,47.796,74182,26.3,24.338,0
2018,6,14,17,31,48.354,74182,26.3,24.338,0
2018,6,14,17,31,48.919,74183,26.3,24.338,0
2018,6,14,17,31,49.478,74183,26.3,24.338,0
2018,6,14,17,31,50.041,74184,26.3,24.338,0
2018,6,14,17,31,50.602,74185,26.3,24.338,0
2018,6,14,17,31,51.162,74185,26.3,24.338,0
2018,6,14,17,31,51.724,74186,26.3,24.338,0
2018,6,14,17,31,52.288,74186,26.3,24.338,0
2018,6,14,17,31,52.851,74187,26.3,24.338,0
2018,6,14,17,31,53.411,74187,26.3,24.338,0
2018,6,14,17,31,53.974,74188,26.3,24.338,0
2018,6,14,17,31,54.533,74189,26.3,24.338,0
2018,6,14,17,31,55.095,74189,26.3,24.338,0
2018,6,14,17,31,55.66,74190,26.3,24.338,0
2018,6,14,17,31,56.222,74190,26.3,24.338,0
2018,6,14,17,31,56.782,74191,26.3,24.338,0
2018,6,14,17,31,57.34,74191,26.3,24.338,0
2018,6,14,17,31,57.9,74192,26.3,24.338,0
2018,6,14,17,31,58.466,74192,26.3,24.338,0
2018,6,14,17,31,59.027,74193,26.4,24.448,0
2018,6,14,17,31,59.588,74194,26.3,24.338,0
2018,6,14,17,32,0.149,74194,26.3,24.338,0
2018,6,14,17,32,0.714,74195,26.3,24.338,0
2018,6,14,17,32,1.276,74195,26.3,24.338,0
2018,6,14,17,32,1.835,74196,26.3,24.338,0
2018,6,14,17,32,2.398,74196,26.3,24.338,0
2018,6,14,17,32,2.958,74197,26.3,24.338,0
2018,6,14,17,32,3.519,74198,26.4,24.448,0
2018,6,14,17,32,4.081,74198,26.3,24.338,0
2018,6,14,17,32,4.642,74199,26.3,24.338,0
2018,6,14,17,32,5.206,74199,26.3,24.338,0
2018,6,14,17,32,5.768,74200,26.3,24.338,0
2018,6,14,17,32,6.328,74200,26.3,24.338,0
2018,6,14,17,32,6.891,74201,26.3,24.338,0
2018,6,14,17,32,7.454,74201,26.3,24.338,0
2018,6,14,17,32,8.016,74202,26.3,24.338,0
2018,6,14,17,32,8.577,74203,26.3,24.338,0
2018,6,14,17,32,9.135,74203,26.3,24.338,0
2018,6,14,17,32,9.696,74204,26.3,24.338,0
2018,6,14,17,32,10.257,74204,26.3,24.338,0
2018,6,14,17,32,10.818,74205,26.3,24.338,0
2018,6,14,17,32,11.382,74205,26.3,24.338,0
2018,6,14,17,32,11.941,74206,26.3,24.338,0
2018,6,14,17,32,12.506,74207,26.3,24.338,0
2018,6,14,17,32,13.066,74207,26.3,24.338,0
2018,6,14,17,32,13.629,74208,26.3,24.338,0
2018,6,14,17,32,14.193,74208,26.3,24.338,0
2018,6,14,17,32,14.755,74209,26.3,24.338,0
2018,6,14,17,32,15.317,74209,26.3,24.338,0
2018,6,14,17,32,15.878,74210,26.3,24.338,0
2018,6,14,17,32,16.441,74210,26.3,24.338,0
2018,6,14,17,32,17.004,74211,26.3,24.338,0
2018,6,14,17,32,17.563,74212,26.3,24.338,0
2018,6,14,17,32,18.124,74212,26.3,24.338,0
2018,6,14,17,32,18.69,74213,26.3,24.338,0
2018,6,14,17,32,19.25,74213,26.3,24.338,0
2018,6,14,17,32,19.813,74214,26.3,24.338,0
2018,6,14,17,32,20.373,74214,26.3,24.338,0
2018,6,14,17,32,20.939,74215,26.3,24.338,0
2018,6,14,17,32,21.495,74215,26.3,24.338,0
2018,6,14,17,32,22.061,74216,26.3,24.338,0
2018,6,14,17,32,22.619,74217,26.3,24.338,0
2018,6,14,17,32,23.183,74217,26.3,24.338,0
2018,6,14,17,32,23.744,74218,26.3,24.338,0
2018,6,14,17,32,24.305,74218,26.3,24.338,0
2018,6,14,17,32,24.867,74219,26.3,24.338,0
2018,6,14,17,32,25.433,74219,26.3,24.338,0
2018,6,14,17,32,25.993,74220,26.3,24.338,0
2018,6,14,17,32,26.554,74221,26.3,24.338,0
2018,6,14,17,32,27.116,74221,26.3,24.338,0
2018,6,14,17,32,27.678,74222,26.3,24.338,0
2018,6,14,17,32,28.243,74222,26.3,24.338,0
2018,6,14,17,32,28.803,74223,26.3,24.338,0
2018,6,14,17,32,29.364,74223,26.3,24.338,0
2018,6,14,17,32,29.928,74224,26.3,24.338,0
2018,6,14,17,32,30.491,74224,26.3,24.338,0
2018,6,14,17,32,31.051,74225,26.3,24.338,0
2018,6,14,17,32,31.612,74226,26.3,24.338,0
2018,6,14,17,32,32.174,74226,26.3,24.338,0
2018,6,14,17,32,32.734,74227,26.3,24.338,0
2018,6,14,17,32,33.295,74227,26.3,24.338,0
2018,6,14,17,32,33.856,74228,26.3,24.338,0
2018,6,14,17,32,34.419,74228,26.3,24.338,0
2018,6,14,17,32,34.978,74229,26.3,24.338,0
2018,6,14,17,32,35.54,74230,26.3,24.338,0
2018,6,14,17,32,36.104,74230,26.3,24.338,0
2018,6,14,17,32,36.663,74231,26.3,24.338,0
2018,6,14,17,32,37.226,74231,26.3,24.338,0
2018,6,14,17,32,37.788,74232,26.3,24.338,0
2018,6,14,17,32,38.35,74232,26.3,24.338,0
2018,6,14,17,32,38.911,74233,26.3,24.338,0
2018,6,14,17,32,39.473,74233,26.3,24.338,0
2018,6,14,17,32,40.033,74234,26.3,24.338,0
2018,6,14,17,32,40.598,74235,26.3,24.338,0
2018,6,14,17,32,41.16,74235,26.3,24.338,0
2018,6,14,17,32,41.72,74236,26.3,24.338,0
2018,6,14,17,32,42.281,74236,26.4,24.448,0
2018,6,14,17,32,42.848,74237,26.3,24.338,0
2018,6,14,17,32,43.407,74237,26.3,24.338,0
2018,6,14,17,32,43.969,74238,26.3,24.338,0
2018,6,14,17,32,44.53,74239,26.4,24.448,0
2018,6,14,17,32,45.091,74239,26.3,24.338,0
2018,6,14,17,32,45.653,74240,26.3,24.338,0
2018,6,14,17,32,46.217,74240,26.3,24.338,0
2018,6,14,17,32,46.778,74241,26.3,24.338,0
2018,6,14,17,32,47.34,74241,26.3,24.338,0
2018,6,14,17,32,47.902,74242,26.4,24.448,0
2018,6,14,17,32,48.466,74242,26.3,24.338,0
2018,6,14,17,32,49.027,74243,26.3,24.338,0
2018,6,14,17,32,49.589,74244,26.3,24.338,0
2018,6,14,17,32,50.154,74244,26.3,24.338,0
2018,6,14,17,32,50.71,74245,26.3,24.338,0
2018,6,14,17,32,51.272,74245,26.3,24.338,0
2018,6,14,17,32,51.833,74246,26.3,24.338,0
2018,6,14,17,32,52.394,74246,26.3,24.338,0
2018,6,14,17,32,52.96,74247,26.3,24.338,0
2018,6,14,17,32,53.52,74248,26.3,24.338,0
2018,6,14,17,32,54.081,74248,26.3,24.338,0
2018,6,14,17,32,54.642,74249,26.4,24.448,0
2018,6,14,17,32,55.209,74249,26.3,24.338,0
2018,6,14,17,32,55.768,74250,26.3,24.338,0
2018,6,14,17,32,56.33,74250,26.3,24.338,0
2018,6,14,17,32,56.891,74251,26.4,24.448,0
2018,6,14,17,32,57.453,74251,26.3,24.338,0
2018,6,14,17,32,58.012,74252,26.4,24.448,0
2018,6,14,17,32,58.574,74253,26.3,24.338,0
2018,6,14,17,32,59.134,74253,26.4,24.448,0
2018,6,14,17,32,59.696,74254,26.3,24.338,0
2018,6,14,17,33,0.258,74254,26.3,24.338,0
2018,6,14,17,33,0.82,74255,26.3,24.338,0
2018,6,14,17,33,1.384,74255,26.4,24.448,0
2018,6,14,17,33,1.944,74256,26.3,24.338,0
2018,6,14,17,33,2.506,74257,26.4,24.448,0
2018,6,14,17,33,3.067,74257,26.3,24.338,0
2018,6,14,17,33,3.632,74258,26.3,24.338,0
2018,6,14,17,33,4.194,74258,26.3,24.338,0
2018,6,14,17,33,4.755,74259,26.3,24.338,0
2018,6,14,17,33,5.316,74259,26.3,24.338,0
2018,6,14,17,33,5.882,74260,26.3,24.338,0
2018,6,14,17,33,6.441,74260,26.3,24.338,0
2018,6,14,17,33,7.004,74261,26.3,24.338,0
2018,6,14,17,33,7.565,74262,26.3,24.338,0
2018,6,14,17,33,8.127,74262,26.3,24.338,0
2018,6,14,17,33,8.687,74263,26.3,24.338,0
2018,6,14,17,33,9.251,74263,26.3,24.338,0
2018,6,14,17,33,9.814,74264,26.3,24.338,0
2018,6,14,17,33,10.374,74264,26.3,24.338,0
2018,6,14,17,33,10.937,74265,26.3,24.338,0
2018,6,14,17,33,11.501,74265,26.3,24.338,0
2018,6,14,17,33,12.062,74266,26.3,24.338,0
2018,6,14,17,33,12.622,74267,26.3,24.338,0
2018,6,14,17,33,13.184,74267,26.3,24.338,0
2018,6,14,17,33,13.745,74268,26.3,24.338,0
2018,6,14,17,33,14.307,74268,26.3,24.338,0
2018,6,14,17,33,14.87,74269,26.3,24.338,0
2018,6,14,17,33,15.434,74269,26.3,24.338,0
2018,6,14,17,33,15.993,74270,26.3,24.338,0
2018,6,14,17,33,16.556,74271,26.4,24.448,0
2018,6,14,17,33,17.122,74271,26.3,24.338,0
2018,6,14,17,33,17.68,74272,26.3,24.338,0
2018,6,14,17,33,18.243,74272,26.3,24.338,0
2018,6,14,17,33,18.803,74273,26.3,24.338,0
2018,6,14,17,33,19.364,74273,26.3,24.338,0
2018,6,14,17,33,19.926,74274,26.3,24.338,0
2018,6,14,17,33,20.491,74274,26.3,24.338,0
2018,6,14,17,33,21.051,74275,26.3,24.338,0
2018,6,14,17,33,21.614,74276,26.3,24.338,0
2018,6,14,17,33,22.175,74276,26.3,24.338,0
2018,6,14,17,33,22.736,74277,26.3,24.338,0
2018,6,14,17,33,23.295,74277,26.3,24.338,0
2018,6,14,17,33,23.863,74278,26.3,24.338,0
2018,6,14,17,33,24.422,74278,26.3,24.338,0
2018,6,14,17,33,24.985,74279,26.3,24.338,0
2018,6,14,17,33,25.545,74280,26.3,24.338,0
2018,6,14,17,33,26.11,74280,26.4,24.448,0
2018,6,14,17,33,26.667,74281,26.3,24.338,0
2018,6,14,17,33,27.233,74281,26.3,24.338,0
2018,6,14,17,33,27.794,74282,26.3,24.338,0
2018,6,14,17,33,28.354,74282,26.3,24.338,0
2018,6,14,17,33,28.918,74283,26.3,24.338,0
2018,6,14,17,33,29.476,74283,26.3,24.338,0
2018,6,14,17,33,30.037,74284,26.3,24.338,0
2018,6,14,17,33,30.603,74285,26.3,24.338,0
2018,6,14,17,33,31.166,74285,26.3,24.338,0
2018,6,14,17,33,31.726,74286,26.3,24.338,0
2018,6,14,17,33,32.287,74286,26.3,24.338,0
2018,6,14,17,33,32.847,74287,26.3,24.338,0
2018,6,14,17,33,33.409,74287,26.3,24.338,0
2018,6,14,17,33,33.97,74288,26.3,24.338,0
2018,6,14,17,33,34.53,74289,26.3,24.338,0
2018,6,14,17,33,35.092,74289,26.3,24.338,0
2018,6,14,17,33,35.658,74290,26.3,24.338,0
2018,6,14,17,33,36.214,74290,26.3,24.338,0
2018,6,14,17,33,36.78,74291,26.3,24.338,0
2018,6,14,17,33,37.34,74291,26.4,24.448,0
2018,6,14,17,33,37.902,74292,26.3,24.338,0
2018,6,14,17,33,38.463,74292,26.3,24.338,0
2018,6,14,17,33,39.023,74293,26.3,24.338,0
2018,6,14,17,33,39.585,74294,26.3,24.338,0
2018,6,14,17,33,40.151,74294,26.3,24.338,0
2018,6,14,17,33,40.711,74295,26.3,24.338,0
2018,6,14,17,33,41.273,74295,26.3,24.338,0
2018,6,14,17,33,41.834,74296,26.3,24.338,0
2018,6,14,17,33,42.4,74296,26.3,24.338,0
2018,6,14,17,33,42.956,74297,26.3,24.338,0
2018,6,14,17,33,43.518,74298,26.3,24.338,0
2018,6,14,17,33,44.081,74298,26.3,24.338,0
2018,6,14,17,33,44.644,74299,26.3,24.338,0
2018,6,14,17,33,45.205,74299,26.3,24.338,0
2018,6,14,17,33,45.765,74300,26.3,24.338,0
2018,6,14,17,33,46.33,74300,26.3,24.338,0
2018,6,14,17,33,46.892,74301,26.3,24.338,0
2018,6,14,17,33,47.454,74301,26.3,24.338,0
2018,6,14,17,33,48.014,74302,26.3,24.338,0
2018,6,14,17,33,48.579,74303,26.3,24.338,0
2018,6,14,17,33,49.14,74303,26.3,24.338,0
2018,6,14,17,33,49.702,74304,26.3,24.338,0
2018,6,14,17,33,50.262,74304,26.3,24.338,0
2018,6,14,17,33,50.827,74305,26.3,24.338,0
2018,6,14,17,33,51.39,74305,26.3,24.338,0
2018,6,14,17,33,51.952,74306,26.3,24.338,0
2018,6,14,17,33,52.51,74307,26.3,24.338,0
2018,6,14,17,33,53.076,74307,26.3,24.338,0
2018,6,14,17,33,53.638,74308,26.3,24.338,0
2018,6,14,17,33,54.199,74308,26.3,24.338,0
2018,6,14,17,33,54.759,74309,26.3,24.338,0
2018,6,14,17,33,55.32,74309,26.3,24.338,0
2018,6,14,17,33,55.882,74310,26.3,24.338,0
2018,6,14,17,33,56.448,74310,26.3,24.338,0
2018,6,14,17,33,57.008,74311,26.3,24.338,0
2018,6,14,17,33,57.569,74312,26.3,24.338,0
2018,6,14,17,33,58.131,74312,26.3,24.338,0
2018,6,14,17,33,58.697,74313,26.3,24.338,0
2018,6,14,17,33,59.259,74313,26.3,24.338,0
2018,6,14,17,33,59.82,74314,26.3,24.338,0
2018,6,14,17,34,0.378,74314,26.3,24.338,0
2018,6,14,17,34,0.94,74315,26.3,24.338,0
2018,6,14,17,34,1.502,74316,26.3,24.338,0
2018,6,14,17,34,2.067,74316,26.3,24.338,0
2018,6,14,17,34,2.629,74317,26.3,24.338,0
2018,6,14,17,34,3.191,74317,26.3,24.338,0
2018,6,14,17,34,3.75,74318,26.3,24.338,0
2018,6,14,17,34,4.31,74318,26.3,24.338,0
2018,6,14,17,34,4.873,74319,26.3,24.338,0
2018,6,14,17,34,5.433,74319,26.3,24.338,0
2018,6,14,17,34,5.995,74320,26.3,24.338,0
2018,6,14,17,34,6.556,74321,26.3,24.338,0
2018,6,14,17,34,7.12,74321,26.3,24.338,0
2018,6,14,17,34,7.682,74322,26.3,24.338,0
2018,6,14,17,34,8.244,74322,26.3,24.338,0
2018,6,14,17,34,8.804,74323,26.3,24.338,0
2018,6,14,17,34,9.367,74323,26.3,24.338,0
2018,6,14,17,34,9.926,74324,26.3,24.338,0
2018,6,14,17,34,10.491,74324,26.3,24.338,0
2018,6,14,17,34,11.053,74325,26.3,24.338,0
2018,6,14,17,34,11.615,74326,26.3,24.338,0
2018,6,14,17,34,12.176,74326,26.3,24.338,0
2018,6,14,17,34,12.736,74327,26.3,24.338,0
2018,6,14,17,34,13.298,74327,26.3,24.338,0
2018,6,14,17,34,13.858,74328,26.3,24.338,0
2018,6,14,17,34,14.421,74328,26.3,24.338,0
2018,6,14,17,34,14.982,74329,26.3,24.338,0
2018,6,14,17,34,15.546,74330,26.3,24.338,0
2018,6,14,17,34,16.108,74330,26.3,24.338,0
2018,6,14,17,34,16.669,74331,26.3,24.338,0
2018,6,14,17,34,17.231,74331,26.3,24.338,0
2018,6,14,17,34,17.79,74332,26.3,24.338,0
2018,6,14,17,34,18.352,74332,26.3,24.338,0
2018,6,14,17,34,18.917,74333,26.3,24.338,0
2018,6,14,17,34,19.475,74333,26.3,24.338,0
2018,6,14,17,34,20.039,74334,26.3,24.338,0
2018,6,14,17,34,20.599,74335,26.3,24.338,0
2018,6,14,17,34,21.162,74335,26.3,24.338,0
2018,6,14,17,34,21.721,74336,26.3,24.338,0
2018,6,14,17,34,22.288,74336,26.3,24.338,0
2018,6,14,17,34,22.849,74337,26.3,24.338,0
2018,6,14,17,34,23.41,74337,26.3,24.338,0
2018,6,14,17,34,23.97,74338,26.3,24.338,0
2018,6,14,17,34,24.537,74339,26.3,24.338,0
2018,6,14,17,34,25.098,74339,26.3,24.338,0
2018,6,14,17,34,25.657,74340,26.3,24.338,0
2018,6,14,17,34,26.219,74340,26.3,24.338,0
2018,6,14,17,34,26.784,74341,26.3,24.338,0
2018,6,14,17,34,27.346,74341,26.3,24.338,0
2018,6,14,17,34,27.906,74342,26.3,24.338,0
2018,6,14,17,34,28.468,74342,26.3,24.338,0
2018,6,14,17,34,29.025,74343,26.3,24.338,0
2018,6,14,17,34,29.587,74344,26.3,24.338,0
2018,6,14,17,34,30.147,74344,26.3,24.338,0
2018,6,14,17,34,30.712,74345,26.3,24.338,0
2018,6,14,17,34,31.273,74345,26.3,24.338,0
2018,6,14,17,34,31.835,74346,26.3,24.338,0
2018,6,14,17,34,32.396,74346,26.3,24.338,0
2018,6,14,17,34,32.961,74347,26.3,24.338,0
2018,6,14,17,34,33.52,74348,26.3,24.338,0
2018,6,14,17,34,34.082,74348,26.3,24.338,0
2018,6,14,17,34,34.645,74349,26.3,24.338,0
2018,6,14,17,34,35.205,74349,26.3,24.338,0
2018,6,14,17,34,35.766,74350,26.3,24.338,0
2018,6,14,17,34,36.332,74350,26.3,24.338,0
2018,6,14,17,34,36.892,74351,26.3,24.338,0
2018,6,14,17,34,37.454,74351,26.3,24.338,0
2018,6,14,17,34,38.015,74352,26.3,24.338,0
2018,6,14,17,34,38.581,74353,26.3,24.338,0
2018,6,14,17,34,39.141,74353,26.3,24.338,0
2018,6,14,17,34,39.703,74354,26.3,24.338,0
2018,6,14,17,34,40.268,74354,26.3,24.338,0
2018,6,14,17,34,40.826,74355,26.3,24.338,0
2018,6,14,17,34,41.39,74355,26.3,24.338,0
2018,6,14,17,34,41.947,74356,26.3,24.338,0
2018,6,14,17,34,42.511,74357,26.3,24.338,0
2018,6,14,17,34,43.073,74357,26.3,24.338,0
2018,6,14,17,34,43.635,74358,26.3,24.338,0
2018,6,14,17,34,44.196,74358,26.3,24.338,0
2018,6,14,17,34,44.757,74359,26.3,24.338,0
2018,6,14,17,34,45.319,74359,26.3,24.338,0
2018,6,14,17,34,45.885,74360,26.3,24.338,0
2018,6,14,17,34,46.444,74360,26.3,24.338,0
2018,6,14,17,34,47.001,74361,26.3,24.338,0
2018,6,14,17,34,47.568,74362,26.3,24.338,0
2018,6,14,17,34,48.128,74362,26.3,24.338,0
2018,6,14,17,34,48.689,74363,26.3,24.338,0
2018,6,14,17,34,49.249,74363,26.3,24.338,0
2018,6,14,17,34,49.814,74364,26.3,24.338,0
2018,6,14,17,34,50.377,74364,26.3,24.338,0
2018,6,14,17,34,50.937,74365,26.3,24.338,0
2018,6,14,17,34,51.499,74365,26.3,24.338,0
2018,6,14,17,34,52.064,74366,26.3,24.338,0
2018,6,14,17,34,52.625,74367,26.3,24.338,0
2018,6,14,17,34,53.186,74367,26.3,24.338,0
2018,6,14,17,34,53.746,74368,26.3,24.338,0
2018,6,14,17,34,54.307,74368,26.3,24.338,0
2018,6,14,17,34,54.869,74369,26.3,24.338,0
2018,6,14,17,34,55.435,74369,26.3,24.338,0
2018,6,14,17,34,55.996,74370,26.3,24.338,0
2018,6,14,17,34,56.558,74371,26.3,24.338,0
2018,6,14,17,34,57.119,74371,26.3,24.338,0
2018,6,14,17,34,57.683,74372,26.3,24.338,0
2018,6,14,17,34,58.245,74372,26.3,24.338,0
2018,6,14,17,34,58.805,74373,26.3,24.338,0
2018,6,14,17,34,59.37,74373,26.3,24.338,0
2018,6,14,17,34,59.932,74374,26.3,24.338,0
2018,6,14,17,35,0.491,74374,26.3,24.338,0
2018,6,14,17,35,1.052,74375,26.3,24.338,0
2018,6,14,17,35,1.62,74376,26.3,24.338,0
2018,6,14,17,35,2.181,74376,26.3,24.338,0
2018,6,14,17,35,2.737,74377,26.3,24.338,0
2018,6,14,17,35,3.303,74377,26.3,24.338,0
2018,6,14,17,35,3.863,74378,26.3,24.338,0
2018,6,14,17,35,4.423,74378,26.3,24.338,0
2018,6,14,17,35,4.989,74379,26.3,24.338,0
2018,6,14,17,35,5.551,74380,26.3,24.338,0
2018,6,14,17,35,6.108,74380,26.3,24.338,0
2018,6,14,17,35,6.673,74381,26.3,24.338,0
2018,6,14,17,35,7.234,74381,26.3,24.338,0
2018,6,14,17,35,7.794,74382,26.3,24.338,0
2018,6,14,17,35,8.358,74382,26.3,24.338,0
2018,6,14,17,35,8.918,74383,26.3,24.338,0
2018,6,14,17,35,9.48,74383,26.3,24.338,0
2018,6,14,17,35,10.039,74384,26.3,24.338,0
2018,6,14,17,35,10.601,74385,26.3,24.338,0
2018,6,14,17,35,11.167,74385,26.3,24.338,0
2018,6,14,17,35,11.728,74386,26.3,24.338,0
2018,6,14,17,35,12.288,74386,26.3,24.338,0
2018,6,14,17,35,12.848,74387,26.3,24.338,0
2018,6,14,17,35,13.41,74387,26.3,24.338,0
2018,6,14,17,35,13.973,74388,26.3,24.338,0
2018,6,14,17,35,14.537,74389,26.3,24.338,0
2018,6,14,17,35,15.099,74389,26.3,24.338,0
2018,6,14,17,35,15.66,74390,26.3,24.338,0
2018,6,14,17,35,16.221,74390,26.3,24.338,0
2018,6,14,17,35,16.787,74391,26.3,24.338,0
2018,6,14,17,35,17.344,74391,26.3,24.338,0
2018,6,14,17,35,17.908,74392,26.3,24.338,0
2018,6,14,17,35,18.47,74392,26.4,24.448,0
2018,6,14,17,35,19.034,74393,26.3,24.338,0
2018,6,14,17,35,19.592,74394,26.3,24.338,0
2018,6,14,17,35,20.156,74394,26.3,24.338,0
2018,6,14,17,35,20.718,74395,26.3,24.338,0
2018,6,14,17,35,21.279,74395,26.3,24.338,0
2018,6,14,17,35,21.839,74396,26.3,24.338,0
2018,6,14,17,35,22.4,74396,26.3,24.338,0
2018,6,14,17,35,22.965,74397,26.3,24.338,0
2018,6,14,17,35,23.522,74398,26.3,24.338,0
2018,6,14,17,35,24.089,74398,26.3,24.338,0
2018,6,14,17,35,24.651,74399,26.3,24.338,0
2018,6,14,17,35,25.212,74399,26.3,24.338,0
2018,6,14,17,35,25.772,74400,26.3,24.338,0
2018,6,14,17,35,26.333,74400,26.3,24.338,0
2018,6,14,17,35,26.892,74401,26.3,24.338,0
2018,6,14,17,35,27.459,74401,26.3,24.338,0
2018,6,14,17,35,28.021,74402,26.4,24.448,0
2018,6,14,17,35,28.582,74403,26.3,24.338,0
2018,6,14,17,35,29.142,74403,26.3,24.338,0
2018,6,14,17,35,29.707,74404,26.3,24.338,0
2018,6,14,17,35,30.268,74404,26.3,24.338,0
2018,6,14,17,35,30.83,74405,26.4,24.448,0
2018,6,14,17,35,31.39,74405,26.3,24.338,0
2018,6,14,17,35,31.957,74406,26.3,24.338,0
2018,6,14,17,35,32.517,74407,26.4,24.448,0
2018,6,14,17,35,33.078,74407,26.3,24.338,0
2018,6,14,17,35,33.64,74408,26.3,24.338,0
2018,6,14,17,35,34.2,74408,26.3,24.338,0
2018,6,14,17,35,34.762,74409,26.3,24.338,0
2018,6,14,17,35,35.323,74409,26.3,24.338,0
2018,6,14,17,35,35.888,74410,26.3,24.338,0
2018,6,14,17,35,36.45,74410,26.3,24.338,0
2018,6,14,17,35,37.01,74411,26.3,24.338,0
2018,6,14,17,35,37.575,74412,26.3,24.338,0
2018,6,14,17,35,38.137,74412,26.3,24.338,0
2018,6,14,17,35,38.699,74413,26.3,24.338,0
2018,6,14,17,35,39.258,74413,26.3,24.338,0
2018,6,14,17,35,39.826,74414,26.3,24.338,0
2018,6,14,17,35,40.386,74414,26.3,24.338,0
2018,6,14,17,35,40.946,74415,26.3,24.338,0
2018,6,14,17,35,41.507,74416,26.3,24.338,0
2018,6,14,17,35,42.069,74416,26.4,24.448,0
2018,6,14,17,35,42.635,74417,26.3,24.338,0
2018,6,14,17,35,43.19,74417,26.3,24.338,0
2018,6,14,17,35,43.756,74418,26.3,24.338,0
2018,6,14,17,35,44.318,74418,26.3,24.338,0
2018,6,14,17,35,44.878,74419,26.3,24.338,0
2018,6,14,17,35,45.439,74419,26.3,24.338,0
2018,6,14,17,35,46.005,74420,26.3,24.338,0
2018,6,14,17,35,46.566,74421,26.3,24.338,0
2018,6,14,17,35,47.127,74421,26.3,24.338,0
2018,6,14,17,35,47.689,74422,26.3,24.338,0
2018,6,14,17,35,48.253,74422,26.3,24.338,0
2018,6,14,17,35,48.814,74423,26.3,24.338,0
2018,6,14,17,35,49.375,74423,26.3,24.338,0
2018,6,14,17,35,49.938,74424,26.3,24.338,0
2018,6,14,17,35,50.498,74424,26.3,24.338,0
2018,6,14,17,35,51.059,74425,26.3,24.338,0
2018,6,14,17,35,51.624,74426,26.3,24.338,0
2018,6,14,17,35,52.185,74426,26.3,24.338,0
2018,6,14,17,35,52.746,74427,26.3,24.338,0
2018,6,14,17,35,53.308,74427,26.3,24.338,0
2018,6,14,17,35,53.872,74428,26.3,24.338,0
2018,6,14,17,35,54.435,74428,26.3,24.338,0
2018,6,14,17,35,54.995,74429,26.3,24.338,0
2018,6,14,17,35,55.558,74430,26.3,24.338,0
2018,6,14,17,35,56.118,74430,26.3,24.338,0
2018,6,14,17,35,56.677,74431,26.3,24.338,0
2018,6,14,17,35,57.244,74431,26.3,24.338,0
2018,6,14,17,35,57.804,74432,26.3,24.338,0
2018,6,14,17,35,58.365,74432,26.3,24.338,0
2018,6,14,17,35,58.927,74433,26.3,24.338,0
2018,6,14,17,35,59.487,74433,26.3,24.338,0
2018,6,14,17,36,0.049,74434,26.3,24.338,0
2018,6,14,17,36,0.613,74435,26.3,24.338,0
2018,6,14,17,36,1.175,74435,26.3,24.338,0
2018,6,14,17,36,1.737,74436,26.3,24.338,0
2018,6,14,17,36,2.298,74436,26.3,24.338,0
2018,6,14,17,36,2.863,74437,26.3,24.338,0
2018,6,14,17,36,3.424,74437,26.3,24.338,0
2018,6,14,17,36,3.986,74438,26.3,24.338,0
2018,6,14,17,36,4.546,74439,26.3,24.338,0
2018,6,14,17,36,5.111,74439,26.3,24.338,0
2018,6,14,17,36,5.673,74440,26.3,24.338,0
2018,6,14,17,36,6.233,74440,26.3,24.338,0
2018,6,14,17,36,6.795,74441,26.3,24.338,0
2018,6,14,17,36,7.36,74441,26.3,24.338,0
2018,6,14,17,36,7.922,74442,26.3,24.338,0
2018,6,14,17,36,8.483,74442,26.3,24.338,0
2018,6,14,17,36,9.043,74443,26.4,24.448,0
2018,6,14,17,36,9.608,74444,26.3,24.338,0
2018,6,14,17,36,10.169,74444,26.3,24.338,0
2018,6,14,17,36,10.731,74445,26.3,24.338,0
2018,6,14,17,36,11.292,74445,26.3,24.338,0
2018,6,14,17,36,11.852,74446,26.3,24.338,0
2018,6,14,17,36,12.414,74446,26.3,24.338,0
2018,6,14,17,36,12.979,74447,26.3,24.338,0
2018,6,14,17,36,13.541,74448,26.3,24.338,0
2018,6,14,17,36,14.102,74448,26.3,24.338,0
2018,6,14,17,36,14.662,74449,26.3,24.338,0
2018,6,14,17,36,15.227,74449,26.3,24.338,0
2018,6,14,17,36,15.79,74450,26.3,24.338,0
2018,6,14,17,36,16.349,74450,26.3,24.338,0
2018,6,14,17,36,16.91,74451,26.3,24.338,0
2018,6,14,17,36,17.476,74451,26.3,24.338,0
2018,6,14,17,36,18.038,74452,26.3,24.338,0
2018,6,14,17,36,18.599,74453,26.3,24.338,0
2018,6,14,17,36,19.161,74453,26.3,24.338,0
2018,6,14,17,36,19.719,74454,26.3,24.338,0
2018,6,14,17,36,20.282,74454,26.3,24.338,0
2018,6,14,17,36,20.842,74455,26.3,24.338,0
2018,6,14,17,36,21.407,74455,26.3,24.338,0
2018,6,14,17,36,21.97,74456,26.3,24.338,0
2018,6,14,17,36,22.53,74457,26.3,24.338,0
2018,6,14,17,36,23.093,74457,26.3,24.338,0
2018,6,14,17,36,23.654,74458,26.3,24.338,0
2018,6,14,17,36,24.214,74458,26.3,24.338,0
2018,6,14,17,36,24.775,74459,26.3,24.338,0
2018,6,14,17,36,25.337,74459,26.3,24.338,0
2018,6,14,17,36,25.9,74460,26.3,24.338,0
2018,6,14,17,36,26.461,74460,26.3,24.338,0
2018,6,14,17,36,27.023,74461,26.3,24.338,0
2018,6,14,17,36,27.584,74462,26.3,24.338,0
2018,6,14,17,36,28.15,74462,26.3,24.338,0
2018,6,14,17,36,28.71,74463,26.3,24.338,0
2018,6,14,17,36,29.271,74463,26.3,24.338,0
2018,6,14,17,36,29.834,74464,26.3,24.338,0
2018,6,14,17,36,30.401,74464,26.3,24.338,0
2018,6,14,17,36,30.959,74465,26.3,24.338,0
2018,6,14,17,36,31.521,74466,26.3,24.338,0
2018,6,14,17,36,32.082,74466,26.3,24.338,0
2018,6,14,17,36,32.646,74467,26.3,24.338,0
2018,6,14,17,36,33.21,74467,26.3,24.338,0
2018,6,14,17,36,33.769,74468,26.3,24.338,0
2018,6,14,17,36,34.33,74468,26.3,24.338,0
2018,6,14,17,36,34.892,74469,26.3,24.338,0
2018,6,14,17,36,35.456,74469,26.3,24.338,0
2018,6,14,17,36,36.019,74470,26.3,24.338,0
2018,6,14,17,36,36.578,74471,26.3,24.338,0
2018,6,14,17,36,37.139,74471,26.3,24.338,0
2018,6,14,17,36,37.705,74472,26.3,24.338,0
2018,6,14,17,36,38.268,74472,26.3,24.338,0
2018,6,14,17,36,38.825,74473,26.3,24.338,0
2018,6,14,17,36,39.388,74473,26.3,24.338,0
2018,6,14,17,36,39.954,74474,26.3,24.338,0
2018,6,14,17,36,40.514,74475,26.3,24.338,0
2018,6,14,17,36,41.076,74475,26.3,24.338,0
2018,6,14,17,36,41.637,74476,26.3,24.338,0
2018,6,14,17,36,42.202,74476,26.3,24.338,0
2018,6,14,17,36,42.759,74477,26.3,24.338,0
2018,6,14,17,36,43.324,74477,26.3,24.338,0
2018,6,14,17,36,43.886,74478,26.3,24.338,0
2018,6,14,17,36,44.445,74478,26.3,24.338,0
2018,6,14,17,36,45.008,74479,26.3,24.338,0
2018,6,14,17,36,45.57,74480,26.3,24.338,0
2018,6,14,17,36,46.131,74480,26.3,24.338,0
2018,6,14,17,36,46.696,74481,26.3,24.338,0
2018,6,14,17,36,47.252,74481,26.3,24.338,0
2018,6,14,17,36,47.813,74482,26.3,24.338,0
2018,6,14,17,36,48.379,74482,26.3,24.338,0
2018,6,14,17,36,48.935,74483,26.3,24.338,0
2018,6,14,17,36,49.501,74484,26.3,24.338,0
2018,6,14,17,36,50.061,74484,26.3,24.338,0
2018,6,14,17,36,50.624,74485,26.3,24.338,0
2018,6,14,17,36,51.183,74485,26.3,24.338,0
2018,6,14,17,36,51.746,74486,26.3,24.338,0
2018,6,14,17,36,52.306,74486,26.3,24.338,0
2018,6,14,17,36,52.872,74487,26.3,24.338,0
2018,6,14,17,36,53.433,74487,26.3,24.338,0
2018,6,14,17,36,53.994,74488,26.4,24.448,0
2018,6,14,17,36,54.555,74489,26.3,24.338,0
2018,6,14,17,36,55.115,74489,26.3,24.338,0
2018,6,14,17,36,55.679,74490,26.3,24.338,0
2018,6,14,17,36,56.243,74490,26.3,24.338,0
2018,6,14,17,36,56.803,74491,26.3,24.338,0
2018,6,14,17,36,57.365,74491,26.3,24.338,0
2018,6,14,17,36,57.925,74492,26.3,24.338,0
2018,6,14,17,36,58.487,74492,26.3,24.338,0
2018,6,14,17,36,59.049,74493,26.3,24.338,0
2018,6,14,17,36,59.613,74494,26.3,24.338,0
2018,6,14,17,37,0.175,74494,26.3,24.338,0
2018,6,14,17,37,0.735,74495,26.3,24.338,0
2018,6,14,17,37,1.297,74495,26.3,24.338,0
2018,6,14,17,37,1.857,74496,26.3,24.338,0
2018,6,14,17,37,2.419,74496,26.3,24.338,0
2018,6,14,17,37,2.98,74497,26.3,24.338,0
2018,6,14,17,37,3.538,74498,26.4,24.448,0
2018,6,14,17,37,4.101,74498,26.3,24.338,0
2018,6,14,17,37,4.664,74499,26.3,24.338,0
2018,6,14,17,37,5.225,74499,26.3,24.338,0
2018,6,14,17,37,5.79,74500,26.3,24.338,0
2018,6,14,17,37,6.352,74500,26.3,24.338,0
2018,6,14,17,37,6.911,74501,26.3,24.338,0
2018,6,14,17,37,7.473,74501,26.3,24.338,0
2018,6,14,17,37,8.034,74502,26.3,24.338,0
2018,6,14,17,37,8.594,74503,26.3,24.338,0
2018,6,14,17,37,9.157,74503,26.3,24.338,0
2018,6,14,17,37,9.718,74504,26.4,24.448,0
2018,6,14,17,37,10.279,74504,26.3,24.338,0
2018,6,14,17,37,10.839,74505,26.3,24.338,0
2018,6,14,17,37,11.4,74505,26.3,24.338,0
2018,6,14,17,37,11.963,74506,26.3,24.338,0
2018,6,14,17,37,12.524,74507,26.3,24.338,0
2018,6,14,17,37,13.083,74507,26.3,24.338,0
2018,6,14,17,37,13.645,74508,26.3,24.338,0
2018,6,14,17,37,14.207,74508,26.3,24.338,0
2018,6,14,17,37,14.767,74509,26.3,24.338,0
2018,6,14,17,37,15.329,74509,26.3,24.338,0
2018,6,14,17,37,15.889,74510,26.3,24.338,0
2018,6,14,17,37,16.451,74510,26.3,24.338,0
2018,6,14,17,37,17.013,74511,26.3,24.338,0
2018,6,14,17,37,17.571,74512,26.3,24.338,0
2018,6,14,17,37,18.138,74512,26.3,24.338,0
2018,6,14,17,37,18.7,74513,26.4,24.448,0
2018,6,14,17,37,19.261,74513,26.3,24.338,0
2018,6,14,17,37,19.825,74514,26.3,24.338,0
2018,6,14,17,37,20.387,74514,26.3,24.338,0
2018,6,14,17,37,20.947,74515,26.3,24.338,0
2018,6,14,17,37,21.508,74516,26.3,24.338,0
2018,6,14,17,37,22.07,74516,26.3,24.338,0
2018,6,14,17,37,22.632,74517,26.3,24.338,0
2018,6,14,17,37,23.192,74517,26.3,24.338,0
2018,6,14,17,37,23.757,74518,26.3,24.338,0
2018,6,14,17,37,24.318,74518,26.3,24.338,0
2018,6,14,17,37,24.88,74519,26.3,24.338,0
2018,6,14,17,37,25.444,74519,26.3,24.338,0
2018,6,14,17,37,26.006,74520,26.3,24.338,0
2018,6,14,17,37,26.568,74521,26.3,24.338,0
2018,6,14,17,37,27.128,74521,26.3,24.338,0
2018,6,14,17,37,27.689,74522,26.3,24.338,0
2018,6,14,17,37,28.256,74522,26.3,24.338,0
2018,6,14,17,37,28.811,74523,26.3,24.338,0
2018,6,14,17,37,29.373,74523,26.3,24.338,0
2018,6,14,17,37,29.934,74524,26.3,24.338,0
2018,6,14,17,37,30.494,74524,26.3,24.338,0
2018,6,14,17,37,31.061,74525,26.3,24.338,0
2018,6,14,17,37,31.623,74526,26.3,24.338,0
2018,6,14,17,37,32.183,74526,26.3,24.338,0
2018,6,14,17,37,32.747,74527,26.3,24.338,0
2018,6,14,17,37,33.309,74527,26.3,24.338,0
2018,6,14,17,37,33.871,74528,26.3,24.338,0
2018,6,14,17,37,34.433,74528,26.3,24.338,0
2018,6,14,17,37,34.996,74529,26.3,24.338,0
2018,6,14,17,37,35.557,74530,26.3,24.338,0
2018,6,14,17,37,36.12,74530,26.3,24.338,0
2018,6,14,17,37,36.681,74531,26.3,24.338,0
2018,6,14,17,37,37.245,74531,26.3,24.338,0
2018,6,14,17,37,37.806,74532,26.3,24.338,0
2018,6,14,17,37,38.368,74532,26.3,24.338,0
2018,6,14,17,37,38.928,74533,26.3,24.338,0
2018,6,14,17,37,39.491,74533,26.3,24.338,0
2018,6,14,17,37,40.05,74534,26.3,24.338,0
2018,6,14,17,37,40.612,74535,26.3,24.338,0
2018,6,14,17,37,41.178,74535,26.3,24.338,0
2018,6,14,17,37,41.739,74536,26.3,24.338,0
2018,6,14,17,37,42.3,74536,26.3,24.338,0
2018,6,14,17,37,42.861,74537,26.3,24.338,0
2018,6,14,17,37,43.422,74537,26.3,24.338,0
2018,6,14,17,37,43.983,74538,26.3,24.338,0
2018,6,14,17,37,44.547,74539,26.3,24.338,0
2018,6,14,17,37,45.108,74539,26.3,24.338,0
2018,6,14,17,37,45.671,74540,26.3,24.338,0
2018,6,14,17,37,46.235,74540,26.3,24.338,0
2018,6,14,17,37,46.792,74541,26.3,24.338,0
2018,6,14,17,37,47.352,74541,26.3,24.338,0
2018,6,14,17,37,47.919,74542,26.3,24.338,0
2018,6,14,17,37,48.479,74542,26.3,24.338,0
2018,6,14,17,37,49.041,74543,26.3,24.338,0
2018,6,14,17,37,49.606,74544,26.3,24.338,0
2018,6,14,17,37,50.169,74544,26.3,24.338,0
2018,6,14,17,37,50.728,74545,26.3,24.338,0
2018,6,14,17,37,51.289,74545,26.3,24.338,0
2018,6,14,17,37,51.85,74546,26.3,24.338,0
2018,6,14,17,37,52.416,74546,26.3,24.338,0
2018,6,14,17,37,52.978,74547,26.3,24.338,0
