2018,5,25,10,22,45.161,1.0041,NaN
2018,5,25,10,22,46.337,2.1801,NaN
2018,5,25,10,22,47.511,3.3537,NaN
2018,5,25,10,22,48.689,4.5324,NaN
2018,5,25,10,22,49.875,5.7188,NaN
2018,5,25,10,22,51.063,6.9056,NaN
2018,5,25,10,22,52.235,8.078,NaN
2018,5,25,10,22,53.41,9.2529,NaN
2018,5,25,10,22,54.58,10.423,NaN
2018,5,25,10,22,55.752,11.595,NaN
2018,5,25,10,22,56.299,12.141,44.8
2018,5,25,10,22,57.587,13.43,NaN
2018,5,25,10,22,58.12,13.962,44.7
2018,5,25,10,22,58.85,14.693,44.7
2018,5,25,10,22,59.52,15.363,44.7
2018,5,25,10,23,0.188,16.031,44.7
2018,5,25,10,23,0.906,16.749,44.7
2018,5,25,10,23,1.566,17.409,44.7
2018,5,25,10,23,2.229,18.072,44.7
2018,5,25,10,23,2.897,18.74,44.7
2018,5,25,10,23,3.564,19.407,44.7
2018,5,25,10,23,4.235,20.077,44.7
2018,5,25,10,23,4.902,20.745,44.7
2018,5,25,10,23,5.57,21.413,44.6
2018,5,25,10,23,6.242,22.084,44.6
2018,5,25,10,23,6.91,22.753,44.6
2018,5,25,10,23,7.581,23.424,44.6
2018,5,25,10,23,8.25,24.093,44.6
2018,5,25,10,23,8.918,24.761,44.6
2018,5,25,10,23,9.584,25.427,44.6
2018,5,25,10,23,10.256,26.099,44.5
2018,5,25,10,23,10.921,26.764,44.5
2018,5,25,10,23,11.586,27.429,44.5
2018,5,25,10,23,12.256,28.099,44.5
2018,5,25,10,23,12.922,28.765,44.5
2018,5,25,10,23,13.59,29.433,44.5
2018,5,25,10,23,14.253,30.096,44.5
2018,5,25,10,23,14.922,30.765,44.5
2018,5,25,10,23,15.588,31.431,44.4
2018,5,25,10,23,16.257,32.1,44.4
2018,5,25,10,23,16.921,32.763,44.4
2018,5,25,10,23,17.588,33.431,44.4
2018,5,25,10,23,18.255,34.098,44.4
2018,5,25,10,23,18.922,34.765,44.4
2018,5,25,10,23,19.591,35.434,44.3
2018,5,25,10,23,20.262,36.105,44.3
2018,5,25,10,23,20.93,36.773,44.3
2018,5,25,10,23,21.597,37.44,44.3
2018,5,25,10,23,22.267,38.11,44.3
2018,5,25,10,23,22.938,38.781,44.2
2018,5,25,10,23,23.604,39.447,44.2
2018,5,25,10,23,24.272,40.115,44.2
2018,5,25,10,23,24.939,40.781,44.2
2018,5,25,10,23,25.607,41.45,44.2
2018,5,25,10,23,26.274,42.117,44.2
2018,5,25,10,23,26.939,42.782,44.2
2018,5,25,10,23,27.605,43.448,44.1
2018,5,25,10,23,28.273,44.116,44.1
2018,5,25,10,23,28.937,44.78,44.1
2018,5,25,10,23,29.605,45.447,44.1
2018,5,25,10,23,30.335,46.178,44.1
2018,5,25,10,23,31.005,46.848,44.1
2018,5,25,10,23,31.672,47.514,44
2018,5,25,10,23,32.341,48.184,44
2018,5,25,10,23,33.009,48.852,44
2018,5,25,10,23,33.679,49.522,44
2018,5,25,10,23,34.353,50.196,44
2018,5,25,10,23,35.022,50.865,44
2018,5,25,10,23,35.69,51.533,44
2018,5,25,10,23,36.363,52.206,44
2018,5,25,10,23,37.034,52.876,43.9
2018,5,25,10,23,37.705,53.548,43.9
2018,5,25,10,23,38.373,54.216,43.9
2018,5,25,10,23,39.044,54.887,43.9
2018,5,25,10,23,39.714,55.556,43.9
2018,5,25,10,23,40.381,56.224,43.9
2018,5,25,10,23,41.052,56.895,43.9
2018,5,25,10,23,41.719,57.562,43.9
2018,5,25,10,23,42.389,58.232,43.9
2018,5,25,10,23,43.059,58.902,43.9
2018,5,25,10,23,43.728,59.57,43.8
2018,5,25,10,23,44.398,60.24,43.8
2018,5,25,10,23,45.066,60.909,43.8
2018,5,25,10,23,45.734,61.577,43.8
2018,5,25,10,23,46.406,62.249,43.8
2018,5,25,10,23,47.077,62.92,43.8
2018,5,25,10,23,47.749,63.591,43.8
2018,5,25,10,23,48.421,64.264,43.8
2018,5,25,10,23,49.091,64.934,43.7
2018,5,25,10,23,49.763,65.606,43.7
2018,5,25,10,23,50.442,66.285,43.7
2018,5,25,10,23,51.107,66.95,43.7
2018,5,25,10,23,51.779,67.621,43.7
2018,5,25,10,23,52.451,68.293,43.7
2018,5,25,10,23,53.123,68.966,43.7
2018,5,25,10,23,53.793,69.636,43.7
2018,5,25,10,23,54.461,70.304,43.7
2018,5,25,10,23,55.133,70.976,43.6
2018,5,25,10,23,55.807,71.65,43.6
2018,5,25,10,23,56.477,72.32,43.6
2018,5,25,10,23,57.149,72.991,43.6
2018,5,25,10,23,57.821,73.664,43.6
2018,5,25,10,23,58.491,74.334,43.6
2018,5,25,10,23,59.162,75.005,43.6
2018,5,25,10,23,59.835,75.678,43.6
2018,5,25,10,24,0.506,76.349,43.6
2018,5,25,10,24,1.178,77.021,43.6
2018,5,25,10,24,1.85,77.692,43.6
2018,5,25,10,24,2.524,78.367,43.6
2018,5,25,10,24,3.193,79.036,43.5
2018,5,25,10,24,3.861,79.704,43.5
2018,5,25,10,24,4.533,80.376,43.5
2018,5,25,10,24,5.204,81.047,43.5
2018,5,25,10,24,5.877,81.72,43.5
2018,5,25,10,24,6.549,82.392,43.5
2018,5,25,10,24,7.219,83.062,43.5
2018,5,25,10,24,7.891,83.734,43.5
2018,5,25,10,24,8.563,84.406,43.5
2018,5,25,10,24,9.235,85.078,43.5
2018,5,25,10,24,9.906,85.748,43.4
2018,5,25,10,24,10.58,86.423,43.4
2018,5,25,10,24,11.252,87.095,43.4
2018,5,25,10,24,11.921,87.764,43.4
2018,5,25,10,24,12.594,88.437,43.4
2018,5,25,10,24,13.266,89.109,43.4
2018,5,25,10,24,13.936,89.779,43.4
2018,5,25,10,24,14.608,90.451,43.4
2018,5,25,10,24,15.281,91.124,43.4
2018,5,25,10,24,15.951,91.794,43.4
2018,5,25,10,24,16.624,92.467,43.3
2018,5,25,10,24,17.296,93.139,43.3
2018,5,25,10,24,17.967,93.81,43.3
2018,5,25,10,24,18.639,94.481,43.3
2018,5,25,10,24,19.31,95.153,43.3
2018,5,25,10,24,19.982,95.825,43.3
2018,5,25,10,24,20.655,96.498,43.3
2018,5,25,10,24,21.325,97.168,43.3
2018,5,25,10,24,21.998,97.841,43.3
2018,5,25,10,24,22.666,98.509,43.3
2018,5,25,10,24,23.336,99.179,43.3
2018,5,25,10,24,24.008,99.851,43.3
2018,5,25,10,24,24.679,100.52,43.3
2018,5,25,10,24,25.352,101.19,43.2
2018,5,25,10,24,26.023,101.87,43.2
2018,5,25,10,24,26.696,102.54,43.2
2018,5,25,10,24,27.368,103.21,43.2
2018,5,25,10,24,28.039,103.88,43.2
2018,5,25,10,24,28.71,104.55,43.2
2018,5,25,10,24,29.381,105.22,43.2
2018,5,25,10,24,30.053,105.9,43.2
2018,5,25,10,24,30.726,106.57,43.2
2018,5,25,10,24,31.397,107.24,43.2
2018,5,25,10,24,32.069,107.91,43.2
2018,5,25,10,24,32.741,108.58,43.2
2018,5,25,10,24,33.412,109.26,43.1
2018,5,25,10,24,34.084,109.93,43.1
2018,5,25,10,24,34.756,110.6,43.1
2018,5,25,10,24,35.427,111.27,43.1
2018,5,25,10,24,36.099,111.94,43.1
2018,5,25,10,24,36.77,112.61,43.1
2018,5,25,10,24,37.442,113.29,43.1
2018,5,25,10,24,38.116,113.96,43.1
2018,5,25,10,24,38.786,114.63,43.1
2018,5,25,10,24,39.456,115.3,43.1
2018,5,25,10,24,40.128,115.97,43.1
2018,5,25,10,24,40.801,116.64,43.1
2018,5,25,10,24,41.472,117.31,43.1
2018,5,25,10,24,42.143,117.99,43.1
2018,5,25,10,24,42.817,118.66,43
2018,5,25,10,24,43.483,119.33,43
2018,5,25,10,24,44.154,120,43
2018,5,25,10,24,44.827,120.67,43
2018,5,25,10,24,45.499,121.34,43
2018,5,25,10,24,46.171,122.01,43
2018,5,25,10,24,46.841,122.68,43
2018,5,25,10,24,47.515,123.36,43
2018,5,25,10,24,48.185,124.03,43
2018,5,25,10,24,48.857,124.7,43
2018,5,25,10,24,49.529,125.37,43
2018,5,25,10,24,50.2,126.04,43
2018,5,25,10,24,50.872,126.71,42.9
2018,5,25,10,24,51.544,127.39,42.9
2018,5,25,10,24,52.217,128.06,42.9
2018,5,25,10,24,52.889,128.73,42.9
2018,5,25,10,24,53.56,129.4,42.9
2018,5,25,10,24,54.232,130.07,42.9
2018,5,25,10,24,54.903,130.75,42.9
2018,5,25,10,24,55.574,131.42,42.9
2018,5,25,10,24,56.245,132.09,42.9
2018,5,25,10,24,56.918,132.76,42.9
2018,5,25,10,24,57.589,133.43,42.9
2018,5,25,10,24,58.262,134.1,42.9
2018,5,25,10,24,58.932,134.78,42.9
2018,5,25,10,24,59.605,135.45,42.8
2018,5,25,10,25,0.276,136.12,42.8
2018,5,25,10,25,0.948,136.79,42.8
2018,5,25,10,25,1.62,137.46,42.8
2018,5,25,10,25,2.29,138.13,42.8
2018,5,25,10,25,2.963,138.81,42.8
2018,5,25,10,25,3.63,139.47,42.8
2018,5,25,10,25,4.303,140.15,42.8
2018,5,25,10,25,4.973,140.82,42.8
2018,5,25,10,25,5.645,141.49,42.8
2018,5,25,10,25,6.318,142.16,42.8
2018,5,25,10,25,6.989,142.83,42.8
2018,5,25,10,25,7.661,143.5,42.8
2018,5,25,10,25,8.332,144.17,42.8
2018,5,25,10,25,9.005,144.85,42.8
2018,5,25,10,25,9.677,145.52,42.7
2018,5,25,10,25,10.348,146.19,42.7
2018,5,25,10,25,11.02,146.86,42.7
2018,5,25,10,25,11.691,147.53,42.7
2018,5,25,10,25,12.363,148.21,42.7
2018,5,25,10,25,13.033,148.88,42.7
2018,5,25,10,25,13.705,149.55,42.7
2018,5,25,10,25,14.377,150.22,42.7
2018,5,25,10,25,15.05,150.89,42.7
2018,5,25,10,25,15.721,151.56,42.7
2018,5,25,10,25,16.393,152.24,42.7
2018,5,25,10,25,17.065,152.91,42.7
2018,5,25,10,25,17.738,153.58,42.6
2018,5,25,10,25,18.408,154.25,42.6
2018,5,25,10,25,19.079,154.92,42.6
2018,5,25,10,25,19.753,155.6,42.6
2018,5,25,10,25,20.423,156.27,42.6
2018,5,25,10,25,21.094,156.94,42.6
2018,5,25,10,25,21.765,157.61,42.6
2018,5,25,10,25,22.434,158.28,42.6
2018,5,25,10,25,23.105,158.95,42.6
2018,5,25,10,25,23.776,159.62,42.6
2018,5,25,10,25,24.448,160.29,42.6
2018,5,25,10,25,25.121,160.96,42.6
2018,5,25,10,25,25.793,161.64,42.6
2018,5,25,10,25,26.464,162.31,42.6
2018,5,25,10,25,27.135,162.98,42.5
2018,5,25,10,25,27.808,163.65,42.5
2018,5,25,10,25,28.493,164.34,42.5
2018,5,25,10,25,29.151,164.99,42.5
2018,5,25,10,25,29.822,165.67,42.5
2018,5,25,10,25,30.494,166.34,42.5
2018,5,25,10,25,31.166,167.01,42.5
2018,5,25,10,25,31.838,167.68,42.5
2018,5,25,10,25,32.51,168.35,42.5
2018,5,25,10,25,33.181,169.02,42.5
2018,5,25,10,25,33.854,169.7,42.5
2018,5,25,10,25,34.526,170.37,42.5
2018,5,25,10,25,35.194,171.04,42.4
2018,5,25,10,25,35.865,171.71,42.4
2018,5,25,10,25,36.535,172.38,42.4
2018,5,25,10,25,37.211,173.05,42.4
2018,5,25,10,25,37.884,173.73,42.4
2018,5,25,10,25,38.555,174.4,42.4
2018,5,25,10,25,39.227,175.07,42.4
2018,5,25,10,25,39.893,175.74,42.4
2018,5,25,10,25,40.566,176.41,42.4
2018,5,25,10,25,41.237,177.08,42.4
2018,5,25,10,25,41.909,177.75,42.4
2018,5,25,10,25,42.58,178.42,42.3
2018,5,25,10,25,43.252,179.09,42.3
2018,5,25,10,25,43.925,179.77,42.3
2018,5,25,10,25,44.597,180.44,42.3
2018,5,25,10,25,45.267,181.11,42.3
2018,5,25,10,25,45.938,181.78,42.3
2018,5,25,10,25,46.611,182.45,42.3
2018,5,25,10,25,47.283,183.13,42.3
2018,5,25,10,25,47.953,183.8,42.3
2018,5,25,10,25,48.627,184.47,42.3
2018,5,25,10,25,49.299,185.14,42.3
2018,5,25,10,25,49.965,185.81,42.3
2018,5,25,10,25,50.636,186.48,42.3
2018,5,25,10,25,51.311,187.15,42.2
2018,5,25,10,25,51.982,187.82,42.2
2018,5,25,10,25,52.651,188.49,42.2
2018,5,25,10,25,53.325,189.17,42.2
2018,5,25,10,25,53.998,189.84,42.2
2018,5,25,10,25,54.667,190.51,42.2
2018,5,25,10,25,55.338,191.18,42.2
2018,5,25,10,25,56.011,191.85,42.2
2018,5,25,10,25,56.682,192.52,42.2
2018,5,25,10,25,57.353,193.2,42.2
2018,5,25,10,25,58.027,193.87,42.2
2018,5,25,10,25,58.696,194.54,42.1
2018,5,25,10,25,59.37,195.21,42.1
2018,5,25,10,26,0.041,195.88,42.1
2018,5,25,10,26,0.713,196.56,42.1
2018,5,25,10,26,1.385,197.23,42.1
2018,5,25,10,26,2.056,197.9,42.1
2018,5,25,10,26,2.729,198.57,42.1
2018,5,25,10,26,3.399,199.24,42.1
2018,5,25,10,26,4.07,199.91,42.1
2018,5,25,10,26,4.743,200.59,42.1
2018,5,25,10,26,5.415,201.26,42.1
2018,5,25,10,26,6.086,201.93,42.1
2018,5,25,10,26,6.757,202.6,42.1
2018,5,25,10,26,7.431,203.27,42.1
2018,5,25,10,26,8.102,203.94,42.1
2018,5,25,10,26,8.773,204.62,42.1
2018,5,25,10,26,9.446,205.29,42
2018,5,25,10,26,10.116,205.96,42
2018,5,25,10,26,10.788,206.63,42
2018,5,25,10,26,11.461,207.3,42
2018,5,25,10,26,12.127,207.97,42
2018,5,25,10,26,12.803,208.65,42
2018,5,25,10,26,13.474,209.32,42
2018,5,25,10,26,14.143,209.99,42
2018,5,25,10,26,14.816,210.66,42
2018,5,25,10,26,15.491,211.33,42
2018,5,25,10,26,16.159,212,42
2018,5,25,10,26,16.829,212.67,41.9
2018,5,25,10,26,17.5,213.34,41.9
2018,5,25,10,26,18.172,214.02,41.9
2018,5,25,10,26,18.845,214.69,41.9
2018,5,25,10,26,19.517,215.36,41.9
2018,5,25,10,26,20.188,216.03,41.9
2018,5,25,10,26,20.86,216.7,41.9
2018,5,25,10,26,21.529,217.37,41.9
2018,5,25,10,26,22.202,218.05,41.9
2018,5,25,10,26,22.875,218.72,41.9
2018,5,25,10,26,23.548,219.39,41.9
2018,5,25,10,26,24.218,220.06,41.9
2018,5,25,10,26,24.891,220.73,41.9
2018,5,25,10,26,25.561,221.4,41.8
2018,5,25,10,26,26.235,222.08,41.8
2018,5,25,10,26,26.906,222.75,41.8
2018,5,25,10,26,27.577,223.42,41.8
2018,5,25,10,26,28.249,224.09,41.8
2018,5,25,10,26,28.921,224.76,41.8
2018,5,25,10,26,29.588,225.43,41.8
2018,5,25,10,26,30.264,226.11,41.8
2018,5,25,10,26,30.935,226.78,41.8
2018,5,25,10,26,31.606,227.45,41.8
2018,5,25,10,26,32.279,228.12,41.8
2018,5,25,10,26,32.945,228.79,41.7
2018,5,25,10,26,33.619,229.46,41.7
2018,5,25,10,26,34.289,230.13,41.7
2018,5,25,10,26,34.96,230.8,41.7
2018,5,25,10,26,35.634,231.48,41.7
2018,5,25,10,26,36.307,232.15,41.7
2018,5,25,10,26,36.977,232.82,41.7
2018,5,25,10,26,37.649,233.49,41.7
2018,5,25,10,26,38.321,234.16,41.7
2018,5,25,10,26,39.512,235.35,NaN
2018,5,25,10,26,40.687,236.53,NaN
2018,5,25,10,26,41.851,237.69,NaN
2018,5,25,10,26,43.041,238.88,NaN
2018,5,25,10,26,44.203,240.05,NaN
2018,5,25,10,26,45.363,241.21,NaN
2018,5,25,10,26,46.537,242.38,NaN
2018,5,25,10,26,47.697,243.54,NaN
2018,5,25,10,26,48.878,244.72,NaN
2018,5,25,10,26,50.049,245.89,NaN
2018,5,25,10,26,51.21,247.05,NaN
2018,5,25,10,26,52.382,248.22,NaN
2018,5,25,10,26,53.546,249.39,NaN
2018,5,25,10,26,54.716,250.56,NaN
2018,5,25,10,26,55.884,251.73,NaN
2018,5,25,10,26,57.044,252.89,NaN
2018,5,25,10,26,58.222,254.06,NaN
2018,5,25,10,26,59.401,255.24,NaN
2018,5,25,10,27,0.574,256.42,NaN
2018,5,25,10,27,1.744,257.59,NaN
2018,5,25,10,27,2.914,258.76,NaN
2018,5,25,10,27,4.082,259.92,NaN
2018,5,25,10,27,5.241,261.08,NaN
2018,5,25,10,27,6.417,262.26,NaN
2018,5,25,10,27,7.581,263.42,NaN
2018,5,25,10,27,8.321,264.16,41.5
2018,5,25,10,27,9.051,264.89,41.5
2018,5,25,10,27,9.804,265.65,41.5
2018,5,25,10,27,10.454,266.3,41.5
2018,5,25,10,27,11.11,266.95,41.5
2018,5,25,10,27,11.767,267.61,41.5
2018,5,25,10,27,12.42,268.26,41.5
2018,5,25,10,27,13.072,268.92,41.5
2018,5,25,10,27,13.728,269.57,41.5
2018,5,25,10,27,14.384,270.23,41.5
2018,5,25,10,27,15.034,270.88,41.5
2018,5,25,10,27,15.691,271.53,41.5
2018,5,25,10,27,16.346,272.19,41.5
2018,5,25,10,27,17.001,272.84,41.5
2018,5,25,10,27,17.657,273.5,41.5
2018,5,25,10,27,18.308,274.15,41.4
2018,5,25,10,27,18.962,274.8,41.4
2018,5,25,10,27,19.62,275.46,41.4
2018,5,25,10,27,20.274,276.12,41.4
2018,5,25,10,27,20.928,276.77,41.4
2018,5,25,10,27,21.583,277.43,41.4
2018,5,25,10,27,22.234,278.08,41.4
2018,5,25,10,27,23.07,278.91,41.4
2018,5,25,10,27,23.72,279.56,41.4
2018,5,25,10,27,24.378,280.22,41.4
2018,5,25,10,27,25.031,280.87,41.4
2018,5,25,10,27,25.683,281.53,41.3
2018,5,25,10,27,26.337,282.18,41.3
2018,5,25,10,27,26.994,282.84,41.3
2018,5,25,10,27,27.681,283.52,41.3
2018,5,25,10,27,28.332,284.17,41.3
2018,5,25,10,27,28.989,284.83,41.3
2018,5,25,10,27,29.642,285.48,41.3
2018,5,25,10,27,30.294,286.14,41.3
2018,5,25,10,27,30.95,286.79,41.2
2018,5,25,10,27,31.603,287.45,41.2
2018,5,25,10,27,32.256,288.1,41.2
2018,5,25,10,27,32.912,288.76,41.2
2018,5,25,10,27,33.565,289.41,41.2
2018,5,25,10,27,34.218,290.06,41.2
2018,5,25,10,27,34.875,290.72,41.2
2018,5,25,10,27,35.527,291.37,41.2
2018,5,25,10,27,36.18,292.02,41.2
2018,5,25,10,27,36.836,292.68,41.2
2018,5,25,10,27,37.492,293.34,41.2
2018,5,25,10,27,38.143,293.99,41.2
2018,5,25,10,27,38.798,294.64,41.1
2018,5,25,10,27,39.452,295.29,41.1
2018,5,25,10,27,40.105,295.95,41.1
2018,5,25,10,27,40.761,296.6,41.1
2018,5,25,10,27,41.415,297.26,41.1
2018,5,25,10,27,42.069,297.91,41.1
2018,5,25,10,27,42.727,298.57,41.1
2018,5,25,10,27,43.376,299.22,41.1
2018,5,25,10,27,44.034,299.88,41.1
2018,5,25,10,27,44.687,300.53,41.1
2018,5,25,10,27,45.344,301.19,41.1
2018,5,25,10,27,45.994,301.84,41.1
2018,5,25,10,27,46.649,302.49,41
2018,5,25,10,27,47.305,303.15,41
2018,5,25,10,27,47.955,303.8,41
2018,5,25,10,27,48.612,304.45,41
2018,5,25,10,27,49.262,305.11,41
2018,5,25,10,27,49.918,305.76,41
2018,5,25,10,27,50.569,306.41,41
2018,5,25,10,27,51.224,307.07,41
2018,5,25,10,27,51.879,307.72,41
2018,5,25,10,27,52.53,308.37,41
2018,5,25,10,27,53.187,309.03,41
2018,5,25,10,27,53.838,309.68,41
2018,5,25,10,27,54.492,310.34,41
2018,5,25,10,27,55.144,310.99,40.9
2018,5,25,10,27,55.798,311.64,40.9
2018,5,25,10,27,56.451,312.29,40.9
2018,5,25,10,27,57.106,312.95,40.9
2018,5,25,10,27,57.757,313.6,40.9
2018,5,25,10,27,58.489,314.33,40.9
2018,5,25,10,27,59.141,314.98,40.9
2018,5,25,10,27,59.797,315.64,40.9
2018,5,25,10,28,0.448,316.29,40.9
2018,5,25,10,28,1.104,316.95,40.9
2018,5,25,10,28,1.758,317.6,40.9
2018,5,25,10,28,2.409,318.25,40.9
2018,5,25,10,28,3.064,318.91,40.9
2018,5,25,10,28,3.717,319.56,40.8
2018,5,25,10,28,4.371,320.21,40.8
2018,5,25,10,28,5.026,320.87,40.8
2018,5,25,10,28,5.679,321.52,40.8
2018,5,25,10,28,6.333,322.18,40.8
2018,5,25,10,28,6.99,322.83,40.8
2018,5,25,10,28,7.64,323.48,40.8
2018,5,25,10,28,8.293,324.14,40.8
2018,5,25,10,28,8.976,324.82,40.8
2018,5,25,10,28,9.63,325.47,40.8
2018,5,25,10,28,10.28,326.12,40.8
2018,5,25,10,28,10.937,326.78,40.8
2018,5,25,10,28,11.588,327.43,40.8
2018,5,25,10,28,12.243,328.09,40.7
2018,5,25,10,28,12.899,328.74,40.7
2018,5,25,10,28,13.55,329.39,40.7
2018,5,25,10,28,14.207,330.05,40.7
2018,5,25,10,28,14.86,330.7,40.7
2018,5,25,10,28,15.512,331.36,40.7
2018,5,25,10,28,16.169,332.01,40.7
2018,5,25,10,28,16.817,332.66,40.6
2018,5,25,10,28,17.475,333.32,40.6
2018,5,25,10,28,18.131,333.97,40.6
2018,5,25,10,28,18.78,334.62,40.6
2018,5,25,10,28,19.434,335.28,40.6
2018,5,25,10,28,20.144,335.99,40.6
2018,5,25,10,28,20.795,336.64,40.6
2018,5,25,10,28,21.449,337.29,40.6
2018,5,25,10,28,22.105,337.95,40.5
2018,5,25,10,28,22.776,338.62,40.5
2018,5,25,10,28,23.428,339.27,40.5
2018,5,25,10,28,24.079,339.92,40.5
2018,5,25,10,28,24.736,340.58,40.5
2018,5,25,10,28,25.392,341.23,40.5
2018,5,25,10,28,26.051,341.89,40.5
2018,5,25,10,28,26.703,342.55,40.5
2018,5,25,10,28,27.357,343.2,40.5
2018,5,25,10,28,28.032,343.87,40.5
2018,5,25,10,28,28.688,344.53,40.5
2018,5,25,10,28,29.34,345.18,40.4
2018,5,25,10,28,29.994,345.84,40.4
2018,5,25,10,28,30.674,346.52,40.4
2018,5,25,10,28,31.329,347.17,40.4
2018,5,25,10,28,31.984,347.83,40.4
2018,5,25,10,28,32.636,348.48,40.4
2018,5,25,10,28,33.292,349.13,40.4
2018,5,25,10,28,33.947,349.79,40.4
2018,5,25,10,28,34.599,350.44,40.4
2018,5,25,10,28,35.256,351.1,40.4
2018,5,25,10,28,35.925,351.77,40.4
2018,5,25,10,28,36.577,352.42,40.4
2018,5,25,10,28,37.232,353.07,40.4
2018,5,25,10,28,37.888,353.73,40.3
2018,5,25,10,28,38.538,354.38,40.3
2018,5,25,10,28,39.192,355.03,40.3
2018,5,25,10,28,39.851,355.69,40.3
2018,5,25,10,28,40.5,356.34,40.3
2018,5,25,10,28,41.157,357,40.3
2018,5,25,10,28,41.81,357.65,40.3
2018,5,25,10,28,42.463,358.31,40.3
2018,5,25,10,28,43.117,358.96,40.3
2018,5,25,10,28,43.773,359.62,40.3
2018,5,25,10,28,44.423,360.27,40.3
2018,5,25,10,28,45.082,360.92,40.3
2018,5,25,10,28,45.739,361.58,40.3
2018,5,25,10,28,46.393,362.24,40.3
2018,5,25,10,28,47.048,362.89,40.2
2018,5,25,10,28,47.703,363.55,40.2
2018,5,25,10,28,48.358,364.2,40.2
2018,5,25,10,28,49.011,364.85,40.2
2018,5,25,10,28,49.666,365.51,40.2
2018,5,25,10,28,50.322,366.16,40.2
2018,5,25,10,28,50.976,366.82,40.2
2018,5,25,10,28,51.632,367.48,40.2
2018,5,25,10,28,52.283,368.13,40.2
2018,5,25,10,28,52.941,368.78,40.2
2018,5,25,10,28,53.595,369.44,40.2
2018,5,25,10,28,54.245,370.09,40.2
2018,5,25,10,28,54.902,370.75,40.2
2018,5,25,10,28,55.556,371.4,40.1
2018,5,25,10,28,56.209,372.05,40.1
2018,5,25,10,28,56.867,372.71,40.1
2018,5,25,10,28,57.519,373.36,40.1
2018,5,25,10,28,58.172,374.02,40.1
2018,5,25,10,28,58.827,374.67,40.1
2018,5,25,10,28,59.483,375.33,40.1
2018,5,25,10,29,0.139,375.98,40.1
2018,5,25,10,29,0.795,376.64,40.1
2018,5,25,10,29,1.45,377.29,40.1
2018,5,25,10,29,2.105,377.95,40.1
2018,5,25,10,29,2.762,378.6,40.1
2018,5,25,10,29,3.414,379.26,40
2018,5,25,10,29,4.067,379.91,40
2018,5,25,10,29,4.723,380.57,40
2018,5,25,10,29,5.376,381.22,40
2018,5,25,10,29,6.032,381.87,40
2018,5,25,10,29,6.689,382.53,40
2018,5,25,10,29,7.341,383.18,40
2018,5,25,10,29,7.994,383.84,40
2018,5,25,10,29,8.651,384.49,40
2018,5,25,10,29,9.305,385.15,40
2018,5,25,10,29,9.96,385.8,40
2018,5,25,10,29,10.611,386.45,40
2018,5,25,10,29,11.268,387.11,40
2018,5,25,10,29,11.923,387.77,39.9
2018,5,25,10,29,12.577,388.42,39.9
2018,5,25,10,29,13.228,389.07,39.9
2018,5,25,10,29,13.886,389.73,39.9
2018,5,25,10,29,14.54,390.38,39.9
2018,5,25,10,29,15.224,391.07,39.9
2018,5,25,10,29,15.875,391.72,39.9
2018,5,25,10,29,16.532,392.38,39.9
2018,5,25,10,29,17.184,393.03,39.9
2018,5,25,10,29,17.836,393.68,39.9
2018,5,25,10,29,18.491,394.33,39.9
2018,5,25,10,29,19.149,394.99,39.9
2018,5,25,10,29,19.8,395.64,39.9
2018,5,25,10,29,20.459,396.3,39.8
2018,5,25,10,29,21.112,396.95,39.8
2018,5,25,10,29,21.764,397.61,39.8
2018,5,25,10,29,22.418,398.26,39.8
2018,5,25,10,29,23.077,398.92,39.8
2018,5,25,10,29,23.732,399.57,39.8
2018,5,25,10,29,24.386,400.23,39.8
2018,5,25,10,29,25.037,400.88,39.8
2018,5,25,10,29,25.693,401.54,39.8
2018,5,25,10,29,26.348,402.19,39.8
2018,5,25,10,29,27.002,402.84,39.8
2018,5,25,10,29,27.655,403.5,39.8
2018,5,25,10,29,28.309,404.15,39.8
2018,5,25,10,29,28.994,404.84,39.7
2018,5,25,10,29,29.648,405.49,39.7
2018,5,25,10,29,30.299,406.14,39.7
2018,5,25,10,29,30.954,406.8,39.7
2018,5,25,10,29,31.61,407.45,39.7
2018,5,25,10,29,32.259,408.1,39.7
2018,5,25,10,29,32.918,408.76,39.7
2018,5,25,10,29,33.574,409.42,39.7
2018,5,25,10,29,34.226,410.07,39.7
2018,5,25,10,29,34.882,410.72,39.7
2018,5,25,10,29,35.538,411.38,39.7
2018,5,25,10,29,36.191,412.03,39.7
2018,5,25,10,29,36.845,412.69,39.7
2018,5,25,10,29,37.499,413.34,39.7
2018,5,25,10,29,38.154,414,39.7
2018,5,25,10,29,38.811,414.65,39.6
2018,5,25,10,29,39.468,415.31,39.6
2018,5,25,10,29,40.118,415.96,39.6
2018,5,25,10,29,40.772,416.61,39.6
2018,5,25,10,29,41.428,417.27,39.6
2018,5,25,10,29,42.083,417.93,39.6
2018,5,25,10,29,42.739,418.58,39.6
2018,5,25,10,29,43.395,419.24,39.6
2018,5,25,10,29,44.05,419.89,39.6
2018,5,25,10,29,44.729,420.57,39.6
2018,5,25,10,29,45.357,421.2,39.6
2018,5,25,10,29,46.011,421.85,39.6
2018,5,25,10,29,46.667,422.51,39.6
2018,5,25,10,29,47.322,423.16,39.5
2018,5,25,10,29,47.978,423.82,39.5
2018,5,25,10,29,48.633,424.48,39.5
2018,5,25,10,29,49.284,425.13,39.5
2018,5,25,10,29,49.939,425.78,39.5
2018,5,25,10,29,50.595,426.44,39.5
2018,5,25,10,29,51.252,427.09,39.5
2018,5,25,10,29,51.904,427.75,39.5
2018,5,25,10,29,52.56,428.4,39.5
2018,5,25,10,29,53.211,429.05,39.5
2018,5,25,10,29,53.866,429.71,39.5
2018,5,25,10,29,54.522,430.36,39.5
2018,5,25,10,29,55.177,431.02,39.4
2018,5,25,10,29,55.833,431.68,39.4
2018,5,25,10,29,56.488,432.33,39.4
2018,5,25,10,29,57.14,432.98,39.4
2018,5,25,10,29,57.794,433.64,39.4
2018,5,25,10,29,58.45,434.29,39.4
2018,5,25,10,29,59.107,434.95,39.4
2018,5,25,10,29,59.761,435.6,39.4
2018,5,25,10,30,0.416,436.26,39.4
2018,5,25,10,30,1.072,436.91,39.4
2018,5,25,10,30,1.721,437.56,39.4
2018,5,25,10,30,2.377,438.22,39.4
2018,5,25,10,30,3.033,438.88,39.3
2018,5,25,10,30,3.688,439.53,39.3
2018,5,25,10,30,4.345,440.19,39.3
2018,5,25,10,30,5.001,440.84,39.3
2018,5,25,10,30,5.649,441.49,39.3
2018,5,25,10,30,6.306,442.15,39.3
2018,5,25,10,30,6.961,442.8,39.3
2018,5,25,10,30,7.616,443.46,39.3
2018,5,25,10,30,8.271,444.11,39.3
2018,5,25,10,30,8.926,444.77,39.3
2018,5,25,10,30,9.582,445.42,39.3
2018,5,25,10,30,10.233,446.08,39.3
2018,5,25,10,30,10.889,446.73,39.3
2018,5,25,10,30,11.543,447.39,39.2
2018,5,25,10,30,12.201,448.04,39.2
2018,5,25,10,30,12.855,448.7,39.2
2018,5,25,10,30,13.509,449.35,39.2
2018,5,25,10,30,14.165,450.01,39.2
2018,5,25,10,30,14.815,450.66,39.2
2018,5,25,10,30,15.474,451.32,39.2
2018,5,25,10,30,16.127,451.97,39.2
2018,5,25,10,30,16.783,452.63,39.2
2018,5,25,10,30,17.437,453.28,39.2
2018,5,25,10,30,18.093,453.94,39.2
2018,5,25,10,30,18.751,454.59,39.2
2018,5,25,10,30,19.401,455.24,39.1
2018,5,25,10,30,20.055,455.9,39.1
2018,5,25,10,30,20.711,456.55,39.1
2018,5,25,10,30,21.366,457.21,39.1
2018,5,25,10,30,22.022,457.87,39.1
2018,5,25,10,30,22.677,458.52,39.1
2018,5,25,10,30,23.328,459.17,39.1
2018,5,25,10,30,23.983,459.83,39.1
2018,5,25,10,30,24.638,460.48,39.1
2018,5,25,10,30,25.294,461.14,39.1
2018,5,25,10,30,25.949,461.79,39.1
2018,5,25,10,30,26.603,462.45,39.1
2018,5,25,10,30,27.258,463.1,39.1
2018,5,25,10,30,27.916,463.76,39.1
2018,5,25,10,30,28.566,464.41,39
2018,5,25,10,30,29.221,465.06,39
2018,5,25,10,30,29.878,465.72,39
2018,5,25,10,30,30.531,466.37,39
2018,5,25,10,30,31.187,467.03,39
2018,5,25,10,30,31.969,467.81,39
2018,5,25,10,30,32.495,468.34,39
2018,5,25,10,30,33.147,468.99,39
2018,5,25,10,30,33.804,469.65,39
2018,5,25,10,30,34.459,470.3,39
2018,5,25,10,30,35.116,470.96,39
2018,5,25,10,30,35.787,471.63,39
2018,5,25,10,30,36.421,472.26,38.9
2018,5,25,10,30,37.078,472.92,38.9
2018,5,25,10,30,37.731,473.57,38.9
2018,5,25,10,30,38.388,474.23,38.9
2018,5,25,10,30,39.043,474.89,38.9
2018,5,25,10,30,39.699,475.54,38.9
2018,5,25,10,30,40.353,476.2,38.9
2018,5,25,10,30,41.006,476.85,38.9
2018,5,25,10,30,41.659,477.5,38.9
2018,5,25,10,30,42.314,478.16,38.9
2018,5,25,10,30,42.971,478.81,38.9
2018,5,25,10,30,43.627,479.47,38.8
2018,5,25,10,30,44.281,480.12,38.8
2018,5,25,10,30,44.936,480.78,38.8
2018,5,25,10,30,45.589,481.43,38.8
2018,5,25,10,30,46.242,482.09,38.8
2018,5,25,10,30,46.898,482.74,38.8
2018,5,25,10,30,47.553,483.4,38.8
2018,5,25,10,30,48.208,484.05,38.8
2018,5,25,10,30,48.862,484.71,38.8
2018,5,25,10,30,49.515,485.36,38.8
2018,5,25,10,30,50.17,486.01,38.8
2018,5,25,10,30,50.826,486.67,38.8
2018,5,25,10,30,51.481,487.32,38.8
2018,5,25,10,30,52.136,487.98,38.7
2018,5,25,10,30,52.793,488.64,38.7
2018,5,25,10,30,53.45,489.29,38.7
2018,5,25,10,30,54.099,489.94,38.7
2018,5,25,10,30,54.753,490.6,38.7
2018,5,25,10,30,55.408,491.25,38.7
2018,5,25,10,30,56.063,491.91,38.7
2018,5,25,10,30,56.722,492.56,38.7
2018,5,25,10,30,57.374,493.22,38.7
2018,5,25,10,30,58.033,493.88,38.7
2018,5,25,10,30,58.687,494.53,38.7
2018,5,25,10,30,59.336,495.18,38.7
2018,5,25,10,30,59.994,495.84,38.7
2018,5,25,10,31,0.649,496.49,38.7
2018,5,25,10,31,1.304,497.15,38.6
2018,5,25,10,31,1.96,497.8,38.6
2018,5,25,10,31,2.614,498.46,38.6
2018,5,25,10,31,3.532,499.37,38.6
2018,5,25,10,31,3.921,499.76,NaN
2018,5,25,10,31,4.578,500.42,38.6
2018,5,25,10,31,5.23,501.07,38.6
2018,5,25,10,31,5.886,501.73,38.6
2018,5,25,10,31,6.542,502.39,38.6
2018,5,25,10,31,7.196,503.04,38.6
2018,5,25,10,31,7.851,503.69,38.6
2018,5,25,10,31,8.508,504.35,38.6
2018,5,25,10,31,9.16,505,38.6
2018,5,25,10,31,9.814,505.66,38.6
2018,5,25,10,31,10.469,506.31,38.6
2018,5,25,10,31,11.127,506.97,38.6
2018,5,25,10,31,11.803,507.65,38.6
2018,5,25,10,31,12.436,508.28,38.6
2018,5,25,10,31,13.091,508.93,38.6
2018,5,25,10,31,13.746,509.59,38.6
2018,5,25,10,31,14.397,510.24,38.6
2018,5,25,10,31,15.051,510.89,38.6
2018,5,25,10,31,15.708,511.55,38.6
2018,5,25,10,31,16.362,512.2,38.6
2018,5,25,10,31,17.017,512.86,38.6
2018,5,25,10,31,17.675,513.52,38.6
2018,5,25,10,31,18.329,514.17,38.6
2018,5,25,10,31,18.983,514.83,38.6
2018,5,25,10,31,19.639,515.48,38.6
2018,5,25,10,31,20.295,516.14,38.5
2018,5,25,10,31,20.947,516.79,38.5
2018,5,25,10,31,21.602,517.45,38.5
2018,5,25,10,31,22.258,518.1,38.5
2018,5,25,10,31,22.913,518.76,38.5
2018,5,25,10,31,23.566,519.41,38.5
2018,5,25,10,31,24.224,520.07,38.5
2018,5,25,10,31,24.88,520.72,38.5
2018,5,25,10,31,25.527,521.37,38.5
2018,5,25,10,31,26.185,522.03,38.5
2018,5,25,10,31,26.839,522.68,38.5
2018,5,25,10,31,27.496,523.34,38.5
2018,5,25,10,31,28.15,523.99,38.5
2018,5,25,10,31,28.806,524.65,38.5
2018,5,25,10,31,29.458,525.3,38.4
2018,5,25,10,31,30.112,525.95,38.4
2018,5,25,10,31,30.766,526.61,38.4
2018,5,25,10,31,31.424,527.27,38.4
2018,5,25,10,31,32.08,527.92,38.4
2018,5,25,10,31,32.73,528.57,38.4
2018,5,25,10,31,33.384,529.23,38.4
2018,5,25,10,31,34.041,529.88,38.4
2018,5,25,10,31,34.696,530.54,38.4
2018,5,25,10,31,35.351,531.19,38.4
2018,5,25,10,31,36.005,531.85,38.4
2018,5,25,10,31,36.663,532.51,38.4
2018,5,25,10,31,37.311,533.15,38.4
2018,5,25,10,31,37.969,533.81,38.3
2018,5,25,10,31,38.623,534.47,38.3
2018,5,25,10,31,39.279,535.12,38.3
2018,5,25,10,31,39.936,535.78,38.3
2018,5,25,10,31,40.587,536.43,38.3
2018,5,25,10,31,41.244,537.09,38.3
2018,5,25,10,31,41.899,537.74,38.3
2018,5,25,10,31,42.553,538.4,38.3
2018,5,25,10,31,43.208,539.05,38.3
2018,5,25,10,31,43.863,539.71,38.3
2018,5,25,10,31,44.518,540.36,38.3
2018,5,25,10,31,45.173,541.02,38.3
2018,5,25,10,31,45.828,541.67,38.3
2018,5,25,10,31,46.484,542.33,38.2
2018,5,25,10,31,47.136,542.98,38.2
2018,5,25,10,31,47.789,543.63,38.3
2018,5,25,10,31,48.446,544.29,38.2
2018,5,25,10,31,49.1,544.94,38.2
2018,5,25,10,31,49.757,545.6,38.2
2018,5,25,10,31,50.411,546.25,38.2
2018,5,25,10,31,51.062,546.91,38.2
2018,5,25,10,31,51.717,547.56,38.2
2018,5,25,10,31,52.372,548.22,38.2
2018,5,25,10,31,53.029,548.87,38.2
2018,5,25,10,31,53.684,549.53,38.2
2018,5,25,10,31,54.338,550.18,38.2
2018,5,25,10,31,54.993,550.84,38.2
2018,5,25,10,31,55.65,551.49,38.2
2018,5,25,10,31,56.302,552.14,38.2
2018,5,25,10,31,56.957,552.8,38.1
2018,5,25,10,31,57.613,553.46,38.1
2018,5,25,10,31,58.268,554.11,38.1
2018,5,25,10,31,58.922,554.76,38.1
2018,5,25,10,31,59.576,555.42,38.1
2018,5,25,10,32,0.228,556.07,38.1
2018,5,25,10,32,0.885,556.73,38.1
2018,5,25,10,32,1.538,557.38,38.1
2018,5,25,10,32,2.196,558.04,38.1
2018,5,25,10,32,2.863,558.71,38.1
2018,5,25,10,32,3.5,559.34,38.1
2018,5,25,10,32,4.157,560,38.1
2018,5,25,10,32,4.811,560.65,38
2018,5,25,10,32,5.469,561.31,38.1
2018,5,25,10,32,6.124,561.97,38
2018,5,25,10,32,6.776,562.62,38.1
2018,5,25,10,32,7.43,563.27,38
2018,5,25,10,32,8.084,563.93,38
2018,5,25,10,32,8.74,564.58,38
2018,5,25,10,32,9.395,565.24,38
2018,5,25,10,32,10.047,565.89,38
2018,5,25,10,32,10.701,566.54,38
2018,5,25,10,32,11.358,567.2,38
2018,5,25,10,32,12.011,567.85,38
2018,5,25,10,32,12.667,568.51,38
2018,5,25,10,32,13.321,569.16,38
2018,5,25,10,32,13.975,569.82,38
2018,5,25,10,32,14.629,570.47,37.9
2018,5,25,10,32,15.285,571.13,37.9
2018,5,25,10,32,15.94,571.78,37.9
2018,5,25,10,32,16.592,572.43,37.9
2018,5,25,10,32,17.244,573.09,37.9
2018,5,25,10,32,17.903,573.75,37.9
2018,5,25,10,32,18.556,574.4,37.9
2018,5,25,10,32,19.213,575.06,37.9
2018,5,25,10,32,19.87,575.71,37.9
2018,5,25,10,32,20.522,576.37,37.9
2018,5,25,10,32,21.179,577.02,37.9
2018,5,25,10,32,21.829,577.67,37.9
2018,5,25,10,32,22.486,578.33,37.8
2018,5,25,10,32,23.14,578.98,37.8
2018,5,25,10,32,23.797,579.64,37.8
2018,5,25,10,32,24.452,580.3,37.8
2018,5,25,10,32,25.107,580.95,37.8
2018,5,25,10,32,25.759,581.6,37.8
2018,5,25,10,32,26.411,582.25,37.8
2018,5,25,10,32,27.067,582.91,37.8
2018,5,25,10,32,27.724,583.57,37.8
2018,5,25,10,32,28.378,584.22,37.8
2018,5,25,10,32,29.034,584.88,37.8
2018,5,25,10,32,29.689,585.53,37.8
2018,5,25,10,32,30.341,586.18,37.7
2018,5,25,10,32,30.995,586.84,37.8
2018,5,25,10,32,31.65,587.49,37.7
2018,5,25,10,32,32.305,588.15,37.7
2018,5,25,10,32,32.96,588.8,37.7
2018,5,25,10,32,33.618,589.46,37.7
2018,5,25,10,32,34.27,590.11,37.7
2018,5,25,10,32,34.923,590.77,37.7
2018,5,25,10,32,35.576,591.42,37.7
2018,5,25,10,32,36.229,592.07,37.7
2018,5,25,10,32,36.887,592.73,37.7
2018,5,25,10,32,37.54,593.38,37.7
2018,5,25,10,32,38.193,594.04,37.7
2018,5,25,10,32,38.847,594.69,37.7
2018,5,25,10,32,39.533,595.38,37.7
2018,5,25,10,32,40.191,596.03,37.7
2018,5,25,10,32,40.866,596.71,37.6
2018,5,25,10,32,41.523,597.37,37.6
2018,5,25,10,32,42.206,598.05,37.6
2018,5,25,10,32,42.863,598.71,37.6
2018,5,25,10,32,43.515,599.36,37.6
2018,5,25,10,32,44.17,600.01,37.6
2018,5,25,10,32,44.829,600.67,37.6
2018,5,25,10,32,45.481,601.32,37.6
2018,5,25,10,32,46.134,601.98,37.6
2018,5,25,10,32,46.79,602.63,37.6
2018,5,25,10,32,47.444,603.29,37.6
2018,5,25,10,32,48.098,603.94,37.6
2018,5,25,10,32,48.755,604.6,37.6
2018,5,25,10,32,49.407,605.25,37.5
2018,5,25,10,32,50.06,605.9,37.6
2018,5,25,10,32,50.716,606.56,37.5
2018,5,25,10,32,51.371,607.21,37.5
2018,5,25,10,32,52.026,607.87,37.5
2018,5,25,10,32,52.683,608.53,37.5
2018,5,25,10,32,53.339,609.18,37.5
2018,5,25,10,32,53.989,609.83,37.5
2018,5,25,10,32,54.645,610.49,37.5
2018,5,25,10,32,55.3,611.14,37.5
2018,5,25,10,32,55.955,611.8,37.5
2018,5,25,10,32,56.612,612.45,37.5
2018,5,25,10,32,57.267,613.11,37.5
2018,5,25,10,32,57.917,613.76,37.5
2018,5,25,10,32,58.571,614.41,37.4
2018,5,25,10,32,59.229,615.07,37.4
2018,5,25,10,32,59.883,615.73,37.4
2018,5,25,10,33,0.539,616.38,37.4
2018,5,25,10,33,1.199,617.04,37.4
2018,5,25,10,33,1.854,617.7,37.4
2018,5,25,10,33,2.503,618.35,37.4
2018,5,25,10,33,3.16,619,37.4
2018,5,25,10,33,3.815,619.66,37.4
2018,5,25,10,33,4.469,620.31,37.4
2018,5,25,10,33,5.126,620.97,37.4
2018,5,25,10,33,5.781,621.62,37.4
2018,5,25,10,33,6.432,622.27,37.4
2018,5,25,10,33,7.153,623,37.4
2018,5,25,10,33,7.804,623.65,37.3
2018,5,25,10,33,8.46,624.3,37.3
2018,5,25,10,33,9.114,624.96,37.3
2018,5,25,10,33,9.77,625.61,37.3
2018,5,25,10,33,10.426,626.27,37.3
2018,5,25,10,33,11.076,626.92,37.3
2018,5,25,10,33,11.732,627.57,37.3
2018,5,25,10,33,12.387,628.23,37.3
2018,5,25,10,33,13.045,628.89,37.3
2018,5,25,10,33,13.698,629.54,37.3
2018,5,25,10,33,14.35,630.19,37.3
2018,5,25,10,33,15.004,630.85,37.3
2018,5,25,10,33,15.66,631.5,37.2
2018,5,25,10,33,16.315,632.16,37.2
2018,5,25,10,33,16.971,632.81,37.2
2018,5,25,10,33,17.624,633.47,37.2
2018,5,25,10,33,18.282,634.12,37.2
2018,5,25,10,33,18.933,634.78,37.2
2018,5,25,10,33,19.6,635.44,37.2
2018,5,25,10,33,20.254,636.1,37.2
2018,5,25,10,33,20.91,636.75,37.2
2018,5,25,10,33,21.563,637.41,37.2
2018,5,25,10,33,22.218,638.06,37.2
2018,5,25,10,33,22.872,638.72,37.2
2018,5,25,10,33,23.527,639.37,37.2
2018,5,25,10,33,24.179,640.02,37.2
2018,5,25,10,33,24.836,640.68,37.2
2018,5,25,10,33,25.488,641.33,37.1
2018,5,25,10,33,26.143,641.99,37.2
2018,5,25,10,33,26.797,642.64,37.1
2018,5,25,10,33,27.452,643.29,37.1
2018,5,25,10,33,28.108,643.95,37.1
2018,5,25,10,33,28.759,644.6,37.1
2018,5,25,10,33,29.414,645.26,37.1
2018,5,25,10,33,30.07,645.91,37.1
2018,5,25,10,33,30.724,646.57,37.1
2018,5,25,10,33,31.378,647.22,37.1
2018,5,25,10,33,32.031,647.87,37.1
2018,5,25,10,33,32.687,648.53,37.1
2018,5,25,10,33,33.34,649.18,37.1
2018,5,25,10,33,33.998,649.84,37.1
2018,5,25,10,33,34.651,650.49,37.1
2018,5,25,10,33,35.307,651.15,37.1
2018,5,25,10,33,35.959,651.8,37.1
2018,5,25,10,33,36.612,652.46,37.1
2018,5,25,10,33,37.269,653.11,37
2018,5,25,10,33,37.92,653.76,37
2018,5,25,10,33,38.575,654.42,37
2018,5,25,10,33,39.23,655.07,37
2018,5,25,10,33,39.886,655.73,37
2018,5,25,10,33,40.542,656.38,37
2018,5,25,10,33,41.191,657.03,37
2018,5,25,10,33,41.848,657.69,37
2018,5,25,10,33,42.503,658.35,37
2018,5,25,10,33,43.159,659,37
2018,5,25,10,33,43.813,659.66,37
2018,5,25,10,33,44.47,660.31,37
2018,5,25,10,33,45.126,660.97,37
2018,5,25,10,33,45.778,661.62,37
2018,5,25,10,33,46.43,662.27,37
2018,5,25,10,33,47.086,662.93,37
2018,5,25,10,33,47.74,663.58,37
2018,5,25,10,33,48.396,664.24,36.9
2018,5,25,10,33,49.047,664.89,37
2018,5,25,10,33,49.703,665.55,36.9
2018,5,25,10,33,50.359,666.2,36.9
2018,5,25,10,33,51.015,666.86,36.9
2018,5,25,10,33,51.669,667.51,36.9
2018,5,25,10,33,52.321,668.16,36.9
2018,5,25,10,33,52.976,668.82,36.9
2018,5,25,10,33,53.629,669.47,36.9
2018,5,25,10,33,54.287,670.13,36.9
2018,5,25,10,33,54.941,670.78,36.9
2018,5,25,10,33,55.594,671.44,36.9
2018,5,25,10,33,56.249,672.09,36.9
2018,5,25,10,33,56.92,672.76,36.9
2018,5,25,10,33,57.558,673.4,36.9
2018,5,25,10,33,58.215,674.06,36.9
2018,5,25,10,33,58.867,674.71,36.8
2018,5,25,10,33,59.52,675.36,36.9
2018,5,25,10,34,0.177,676.02,36.8
2018,5,25,10,34,0.831,676.67,36.8
2018,5,25,10,34,1.487,677.33,36.8
2018,5,25,10,34,2.143,677.99,36.8
2018,5,25,10,34,2.794,678.64,36.8
2018,5,25,10,34,3.45,679.29,36.8
2018,5,25,10,34,4.105,679.95,36.8
2018,5,25,10,34,4.76,680.6,36.8
2018,5,25,10,34,5.416,681.26,36.8
2018,5,25,10,34,6.068,681.91,36.8
2018,5,25,10,34,6.721,682.56,36.8
2018,5,25,10,34,7.376,683.22,36.8
2018,5,25,10,34,8.033,683.88,36.7
2018,5,25,10,34,8.686,684.53,36.7
2018,5,25,10,34,9.339,685.18,36.7
2018,5,25,10,34,9.992,685.84,36.7
2018,5,25,10,34,10.648,686.49,36.7
2018,5,25,10,34,11.303,687.15,36.7
2018,5,25,10,34,11.961,687.8,36.7
2018,5,25,10,34,12.612,688.45,36.7
2018,5,25,10,34,13.266,689.11,36.7
2018,5,25,10,34,13.921,689.76,36.7
2018,5,25,10,34,14.575,690.42,36.7
2018,5,25,10,34,15.233,691.08,36.7
2018,5,25,10,34,15.884,691.73,36.7
2018,5,25,10,34,16.538,692.38,36.7
2018,5,25,10,34,17.191,693.03,36.7
2018,5,25,10,34,17.851,693.69,36.7
2018,5,25,10,34,18.505,694.35,36.6
2018,5,25,10,34,19.157,695,36.6
2018,5,25,10,34,19.812,695.65,36.6
2018,5,25,10,34,20.466,696.31,36.6
2018,5,25,10,34,21.122,696.97,36.6
2018,5,25,10,34,21.778,697.62,36.6
2018,5,25,10,34,22.432,698.27,36.6
2018,5,25,10,34,23.086,698.93,36.6
2018,5,25,10,34,23.739,699.58,36.6
2018,5,25,10,34,24.394,700.24,36.6
2018,5,25,10,34,25.051,700.89,36.6
2018,5,25,10,34,25.706,701.55,36.6
2018,5,25,10,34,26.356,702.2,36.6
2018,5,25,10,34,27.013,702.86,36.6
2018,5,25,10,34,27.667,703.51,36.6
2018,5,25,10,34,28.323,704.17,36.5
2018,5,25,10,34,28.978,704.82,36.5
2018,5,25,10,34,29.628,705.47,36.5
2018,5,25,10,34,30.286,706.13,36.5
2018,5,25,10,34,30.939,706.78,36.5
2018,5,25,10,34,31.593,707.44,36.5
2018,5,25,10,34,32.251,708.09,36.5
2018,5,25,10,34,32.899,708.74,36.5
2018,5,25,10,34,33.556,709.4,36.5
2018,5,25,10,34,34.213,710.06,36.5
2018,5,25,10,34,34.866,710.71,36.5
2018,5,25,10,34,35.523,711.37,36.5
2018,5,25,10,34,36.172,712.02,36.5
2018,5,25,10,34,36.828,712.67,36.5
2018,5,25,10,34,37.485,713.33,36.5
2018,5,25,10,34,38.141,713.98,36.4
2018,5,25,10,34,38.795,714.64,36.4
2018,5,25,10,34,39.446,715.29,36.4
2018,5,25,10,34,40.103,715.95,36.4
2018,5,25,10,34,40.757,716.6,36.4
2018,5,25,10,34,41.411,717.25,36.4
2018,5,25,10,34,42.068,717.91,36.4
2018,5,25,10,34,42.72,718.56,36.4
2018,5,25,10,34,43.375,719.22,36.4
2018,5,25,10,34,44.03,719.87,36.4
2018,5,25,10,34,44.684,720.53,36.4
2018,5,25,10,34,45.34,721.18,36.4
2018,5,25,10,34,45.992,721.83,36.4
2018,5,25,10,34,46.646,722.49,36.4
2018,5,25,10,34,47.302,723.14,36.4
2018,5,25,10,34,47.957,723.8,36.4
2018,5,25,10,34,48.611,724.45,36.3
2018,5,25,10,34,49.264,725.11,36.3
2018,5,25,10,34,49.92,725.76,36.3
2018,5,25,10,34,50.575,726.42,36.3
2018,5,25,10,34,51.23,727.07,36.3
2018,5,25,10,34,51.884,727.73,36.3
2018,5,25,10,34,52.543,728.39,36.3
2018,5,25,10,34,53.191,729.03,36.3
2018,5,25,10,34,53.847,729.69,36.3
2018,5,25,10,34,54.501,730.34,36.3
2018,5,25,10,34,55.157,731,36.3
2018,5,25,10,34,55.808,731.65,36.3
2018,5,25,10,34,56.463,732.31,36.3
2018,5,25,10,34,57.119,732.96,36.3
2018,5,25,10,34,57.776,733.62,36.3
2018,5,25,10,34,58.429,734.27,36.3
2018,5,25,10,34,59.081,734.92,36.3
2018,5,25,10,34,59.736,735.58,36.2
2018,5,25,10,35,0.393,736.24,36.3
2018,5,25,10,35,1.046,736.89,36.2
2018,5,25,10,35,1.696,737.54,36.2
2018,5,25,10,35,2.354,738.2,36.2
2018,5,25,10,35,3.008,738.85,36.2
2018,5,25,10,35,3.664,739.51,36.2
2018,5,25,10,35,4.314,740.16,36.2
2018,5,25,10,35,4.97,740.81,36.2
2018,5,25,10,35,5.625,741.47,36.2
2018,5,25,10,35,6.281,742.12,36.2
2018,5,25,10,35,6.936,742.78,36.2
2018,5,25,10,35,7.589,743.43,36.2
2018,5,25,10,35,8.253,744.1,36.2
2018,5,25,10,35,8.907,744.75,36.2
2018,5,25,10,35,9.563,745.41,36.2
2018,5,25,10,35,10.215,746.06,NaN
2018,5,25,10,35,10.872,746.71,36.1
2018,5,25,10,35,11.524,747.37,36.1
2018,5,25,10,35,12.178,748.02,36.1
2018,5,25,10,35,12.835,748.68,36.1
2018,5,25,10,35,13.492,749.33,36.1
2018,5,25,10,35,14.145,749.99,36.1
2018,5,25,10,35,14.801,750.64,36.1
2018,5,25,10,35,15.453,751.3,36.1
2018,5,25,10,35,16.108,751.95,36.1
2018,5,25,10,35,16.763,752.61,36.1
2018,5,25,10,35,17.419,753.26,36.1
2018,5,25,10,35,18.072,753.91,36.1
2018,5,25,10,35,18.729,754.57,36.1
2018,5,25,10,35,19.385,755.23,36.1
2018,5,25,10,35,20.073,755.92,36.1
2018,5,25,10,35,20.727,756.57,36
2018,5,25,10,35,21.382,757.22,36.1
2018,5,25,10,35,22.036,757.88,36
2018,5,25,10,35,22.693,758.54,36
2018,5,25,10,35,23.349,759.19,36
2018,5,25,10,35,24.001,759.84,36
2018,5,25,10,35,24.655,760.5,36
2018,5,25,10,35,25.309,761.15,36
2018,5,25,10,35,25.966,761.81,36
2018,5,25,10,35,26.621,762.46,36
2018,5,25,10,35,27.277,763.12,36
2018,5,25,10,35,27.928,763.77,36
2018,5,25,10,35,28.582,764.42,36
2018,5,25,10,35,29.237,765.08,36
2018,5,25,10,35,29.895,765.74,36
2018,5,25,10,35,30.549,766.39,36
2018,5,25,10,35,31.204,767.05,36
2018,5,25,10,35,31.859,767.7,36
2018,5,25,10,35,32.514,768.36,35.9
2018,5,25,10,35,33.17,769.01,35.9
2018,5,25,10,35,33.822,769.66,35.9
2018,5,25,10,35,34.476,770.32,35.9
2018,5,25,10,35,35.132,770.97,35.9
2018,5,25,10,35,35.789,771.63,35.9
2018,5,25,10,35,36.438,772.28,35.9
2018,5,25,10,35,37.105,772.95,35.9
2018,5,25,10,35,37.758,773.6,35.9
2018,5,25,10,35,38.413,774.26,35.9
2018,5,25,10,35,39.067,774.91,35.9
2018,5,25,10,35,39.724,775.57,35.9
2018,5,25,10,35,40.378,776.22,35.9
2018,5,25,10,35,41.033,776.88,35.9
2018,5,25,10,35,41.69,777.53,35.9
2018,5,25,10,35,42.339,778.18,35.9
2018,5,25,10,35,42.996,778.84,35.8
2018,5,25,10,35,43.648,779.49,35.8
2018,5,25,10,35,44.303,780.15,35.8
2018,5,25,10,35,44.96,780.8,35.8
2018,5,25,10,35,45.607,781.45,35.8
2018,5,25,10,35,46.264,782.11,35.8
2018,5,25,10,35,46.919,782.76,35.8
2018,5,25,10,35,47.575,783.42,35.8
2018,5,25,10,35,48.229,784.07,35.8
2018,5,25,10,35,48.886,784.73,35.8
2018,5,25,10,35,49.539,785.38,35.8
2018,5,25,10,35,50.192,786.04,35.8
2018,5,25,10,35,50.848,786.69,35.8
2018,5,25,10,35,51.502,787.34,35.8
2018,5,25,10,35,52.156,788,35.8
2018,5,25,10,35,52.812,788.65,35.8
2018,5,25,10,35,53.464,789.31,35.8
2018,5,25,10,35,54.12,789.96,35.8
2018,5,25,10,35,54.776,790.62,35.8
2018,5,25,10,35,55.43,791.27,35.7
2018,5,25,10,35,56.087,791.93,35.7
2018,5,25,10,35,56.737,792.58,35.7
2018,5,25,10,35,57.391,793.23,35.7
2018,5,25,10,35,58.047,793.89,35.7
2018,5,25,10,35,58.703,794.55,35.7
2018,5,25,10,35,59.354,795.2,35.7
2018,5,25,10,36,0.008,795.85,35.7
2018,5,25,10,36,0.686,796.53,35.7
2018,5,25,10,36,1.336,797.18,35.7
2018,5,25,10,36,1.993,797.84,35.7
2018,5,25,10,36,2.656,798.5,35.7
2018,5,25,10,36,3.632,799.48,35.7
2018,5,25,10,36,3.999,799.84,NaN
2018,5,25,10,36,4.908,800.75,35.7
2018,5,25,10,36,5.351,801.19,NaN
2018,5,25,10,36,6.005,801.85,NaN
2018,5,25,10,36,6.657,802.5,35.7
2018,5,25,10,36,7.314,803.16,35.6
2018,5,25,10,36,7.967,803.81,35.7
2018,5,25,10,36,8.622,804.47,35.6
2018,5,25,10,36,9.278,805.12,35.6
2018,5,25,10,36,9.936,805.78,35.6
2018,5,25,10,36,10.583,806.43,35.6
2018,5,25,10,36,11.24,807.08,35.6
2018,5,25,10,36,11.896,807.74,35.6
2018,5,25,10,36,12.55,808.39,35.6
2018,5,25,10,36,13.205,809.05,35.6
2018,5,25,10,36,13.862,809.7,35.6
2018,5,25,10,36,14.513,810.36,35.6
2018,5,25,10,36,15.168,811.01,35.6
2018,5,25,10,36,15.825,811.67,35.6
2018,5,25,10,36,16.478,812.32,35.6
2018,5,25,10,36,17.133,812.98,35.6
2018,5,25,10,36,17.784,813.63,35.6
2018,5,25,10,36,18.44,814.28,35.6
2018,5,25,10,36,19.095,814.94,35.5
2018,5,25,10,36,19.751,815.59,35.5
2018,5,25,10,36,20.405,816.25,35.5
2018,5,25,10,36,21.057,816.9,35.5
2018,5,25,10,36,21.712,817.55,35.5
2018,5,25,10,36,22.367,818.21,35.5
2018,5,25,10,36,23.024,818.87,35.5
2018,5,25,10,36,23.678,819.52,35.5
2018,5,25,10,36,24.333,820.18,35.5
2018,5,25,10,36,24.988,820.83,35.5
2018,5,25,10,36,25.641,821.48,35.5
2018,5,25,10,36,26.295,822.14,35.5
2018,5,25,10,36,26.95,822.79,35.5
2018,5,25,10,36,27.606,823.45,35.5
2018,5,25,10,36,28.264,824.11,35.5
2018,5,25,10,36,28.919,824.76,35.5
2018,5,25,10,36,29.58,825.42,35.4
2018,5,25,10,36,30.236,826.08,35.5
2018,5,25,10,36,30.887,826.73,35.5
2018,5,25,10,36,31.544,827.39,35.4
2018,5,25,10,36,32.198,828.04,35.4
2018,5,25,10,36,32.854,828.7,35.4
2018,5,25,10,36,33.508,829.35,35.4
2018,5,25,10,36,34.164,830.01,35.4
2018,5,25,10,36,34.815,830.66,35.4
2018,5,25,10,36,35.47,831.31,35.4
2018,5,25,10,36,36.127,831.97,35.4
2018,5,25,10,36,36.782,832.62,35.4
2018,5,25,10,36,37.435,833.28,35.4
2018,5,25,10,36,38.087,833.93,35.4
2018,5,25,10,36,38.745,834.59,35.4
2018,5,25,10,36,39.398,835.24,35.4
2018,5,25,10,36,40.053,835.9,35.4
2018,5,25,10,36,40.725,836.57,35.4
2018,5,25,10,36,41.381,837.22,35.3
2018,5,25,10,36,42.054,837.9,35.3
2018,5,25,10,36,42.687,838.53,35.3
2018,5,25,10,36,43.343,839.19,35.3
2018,5,25,10,36,43.998,839.84,35.3
2018,5,25,10,36,44.652,840.49,35.3
2018,5,25,10,36,45.307,841.15,35.3
2018,5,25,10,36,45.959,841.8,35.3
2018,5,25,10,36,46.617,842.46,35.3
2018,5,25,10,36,47.27,843.11,35.3
2018,5,25,10,36,47.926,843.77,35.3
2018,5,25,10,36,48.582,844.42,35.3
2018,5,25,10,36,49.231,845.07,35.3
2018,5,25,10,36,49.944,845.79,35.3
2018,5,25,10,36,50.618,846.46,35.3
2018,5,25,10,36,51.275,847.12,35.3
2018,5,25,10,36,51.926,847.77,35.3
2018,5,25,10,36,52.583,848.43,35.3
2018,5,25,10,36,53.237,849.08,35.2
2018,5,25,10,36,53.971,849.81,35.2
2018,5,25,10,36,54.622,850.46,35.2
2018,5,25,10,36,55.278,851.12,35.2
2018,5,25,10,36,55.931,851.77,35.2
2018,5,25,10,36,56.587,852.43,35.2
2018,5,25,10,36,57.242,853.09,35.2
2018,5,25,10,36,57.893,853.74,35.2
2018,5,25,10,36,58.551,854.39,35.2
2018,5,25,10,36,59.286,855.13,35.2
2018,5,25,10,36,59.973,855.82,35.2
2018,5,25,10,37,0.625,856.47,35.2
2018,5,25,10,37,1.28,857.12,35.2
2018,5,25,10,37,1.936,857.78,35.2
2018,5,25,10,37,2.593,858.44,35.2
2018,5,25,10,37,3.249,859.09,35.2
2018,5,25,10,37,3.898,859.74,35.2
2018,5,25,10,37,4.554,860.4,35.2
2018,5,25,10,37,5.208,861.05,35.2
2018,5,25,10,37,5.864,861.71,35.1
2018,5,25,10,37,6.515,862.36,35.1
2018,5,25,10,37,7.169,863.01,35.1
2018,5,25,10,37,7.827,863.67,35.1
2018,5,25,10,37,8.481,864.32,35.1
2018,5,25,10,37,9.137,864.98,35.1
2018,5,25,10,37,9.793,865.64,35.1
2018,5,25,10,37,10.444,866.29,35.1
2018,5,25,10,37,11.1,866.94,35.1
2018,5,25,10,37,11.755,867.6,35.1
2018,5,25,10,37,12.411,868.25,35.1
2018,5,25,10,37,13.065,868.91,35.1
2018,5,25,10,37,13.721,869.56,35.1
2018,5,25,10,37,14.375,870.22,35.1
2018,5,25,10,37,15.027,870.87,35.1
2018,5,25,10,37,15.684,871.53,35.1
2018,5,25,10,37,16.337,872.18,35.1
2018,5,25,10,37,16.992,872.83,35
2018,5,25,10,37,17.648,873.49,35.1
2018,5,25,10,37,18.304,874.15,35
2018,5,25,10,37,18.959,874.8,35
2018,5,25,10,37,19.611,875.45,35
2018,5,25,10,37,20.265,876.11,35
2018,5,25,10,37,20.922,876.76,35
2018,5,25,10,37,21.577,877.42,35
2018,5,25,10,37,22.232,878.07,35
2018,5,25,10,37,22.883,878.73,35
2018,5,25,10,37,23.537,879.38,35
2018,5,25,10,37,24.192,880.04,35
2018,5,25,10,37,24.849,880.69,35
2018,5,25,10,37,25.505,881.35,35
2018,5,25,10,37,26.16,882,35
2018,5,25,10,37,26.814,882.66,35
2018,5,25,10,37,27.466,883.31,35
2018,5,25,10,37,28.122,883.96,35
2018,5,25,10,37,28.802,884.64,35
2018,5,25,10,37,29.452,885.29,34.9
2018,5,25,10,37,30.108,885.95,34.9
2018,5,25,10,37,30.758,886.6,34.9
2018,5,25,10,37,31.413,887.26,34.9
2018,5,25,10,37,32.069,887.91,34.9
2018,5,25,10,37,32.724,888.57,34.9
2018,5,25,10,37,33.377,889.22,34.9
2018,5,25,10,37,34.029,889.87,34.9
2018,5,25,10,37,34.685,890.53,34.9
2018,5,25,10,37,35.341,891.18,34.9
2018,5,25,10,37,35.997,891.84,34.9
2018,5,25,10,37,36.651,892.49,34.9
2018,5,25,10,37,37.309,893.15,34.9
2018,5,25,10,37,37.96,893.8,34.9
2018,5,25,10,37,38.615,894.46,34.9
2018,5,25,10,37,39.272,895.11,34.9
2018,5,25,10,37,39.925,895.77,34.9
2018,5,25,10,37,40.579,896.42,34.9
2018,5,25,10,37,41.235,897.08,34.9
2018,5,25,10,37,41.886,897.73,34.9
2018,5,25,10,37,42.54,898.38,34.9
2018,5,25,10,37,43.198,899.04,34.9
2018,5,25,10,37,43.852,899.69,34.8
2018,5,25,10,37,44.509,900.35,34.8
2018,5,25,10,37,45.158,901,34.8
2018,5,25,10,37,45.816,901.66,34.8
2018,5,25,10,37,46.471,902.31,34.8
2018,5,25,10,37,47.124,902.97,34.8
2018,5,25,10,37,47.781,903.62,34.8
2018,5,25,10,37,48.435,904.28,34.8
2018,5,25,10,37,49.088,904.93,34.8
2018,5,25,10,37,49.741,905.58,34.8
2018,5,25,10,37,50.397,906.24,34.8
2018,5,25,10,37,51.053,906.9,34.8
2018,5,25,10,37,51.708,907.55,34.8
2018,5,25,10,37,52.365,908.21,34.8
2018,5,25,10,37,53.015,908.86,34.8
2018,5,25,10,37,53.67,909.51,34.8
2018,5,25,10,37,54.324,910.17,34.8
2018,5,25,10,37,54.98,910.82,34.8
2018,5,25,10,37,55.635,911.48,34.8
2018,5,25,10,37,56.292,912.13,34.7
2018,5,25,10,37,56.946,912.79,34.7
2018,5,25,10,37,57.6,913.44,34.7
2018,5,25,10,37,58.253,914.1,34.7
2018,5,25,10,37,58.908,914.75,34.7
2018,5,25,10,37,59.559,915.4,34.7
2018,5,25,10,38,0.215,916.06,34.7
2018,5,25,10,38,0.869,916.71,34.7
2018,5,25,10,38,1.527,917.37,34.7
2018,5,25,10,38,2.18,918.02,34.7
2018,5,25,10,38,2.834,918.68,34.7
2018,5,25,10,38,3.488,919.33,34.7
2018,5,25,10,38,4.143,919.99,34.7
2018,5,25,10,38,4.8,920.64,34.7
2018,5,25,10,38,5.455,921.3,34.7
2018,5,25,10,38,6.105,921.95,34.7
2018,5,25,10,38,6.762,922.6,34.7
2018,5,25,10,38,7.416,923.26,34.7
2018,5,25,10,38,8.069,923.91,34.7
2018,5,25,10,38,8.721,924.56,34.7
2018,5,25,10,38,9.378,925.22,34.7
2018,5,25,10,38,10.034,925.88,34.7
2018,5,25,10,38,10.687,926.53,34.6
2018,5,25,10,38,11.344,927.19,34.6
2018,5,25,10,38,11.999,927.84,34.6
2018,5,25,10,38,12.649,928.49,34.6
2018,5,25,10,38,13.305,929.15,34.6
2018,5,25,10,38,13.959,929.8,34.6
2018,5,25,10,38,14.616,930.46,34.6
2018,5,25,10,38,15.271,931.11,34.6
2018,5,25,10,38,15.927,931.77,34.6
2018,5,25,10,38,16.577,932.42,34.6
2018,5,25,10,38,17.232,933.07,34.6
2018,5,25,10,38,17.89,933.73,34.6
2018,5,25,10,38,18.555,934.4,34.6
2018,5,25,10,38,19.21,935.05,34.6
2018,5,25,10,38,19.868,935.71,34.6
2018,5,25,10,38,20.517,936.36,34.6
2018,5,25,10,38,21.171,937.01,34.6
2018,5,25,10,38,21.827,937.67,34.6
2018,5,25,10,38,22.485,938.33,34.6
2018,5,25,10,38,23.139,938.98,34.5
2018,5,25,10,38,23.796,939.64,34.5
2018,5,25,10,38,24.445,940.29,34.5
2018,5,25,10,38,25.101,940.94,34.5
2018,5,25,10,38,25.759,941.6,34.5
2018,5,25,10,38,26.412,942.25,34.5
2018,5,25,10,38,27.066,942.91,34.5
2018,5,25,10,38,27.722,943.56,34.5
2018,5,25,10,38,28.377,944.22,34.5
2018,5,25,10,38,29.029,944.87,34.5
2018,5,25,10,38,29.685,945.53,34.5
2018,5,25,10,38,30.339,946.18,34.5
2018,5,25,10,38,30.993,946.84,34.5
2018,5,25,10,38,31.651,947.49,34.5
2018,5,25,10,38,32.307,948.15,34.5
2018,5,25,10,38,32.961,948.8,34.5
2018,5,25,10,38,33.612,949.45,34.5
2018,5,25,10,38,34.267,950.11,34.5
2018,5,25,10,38,34.923,950.77,34.5
2018,5,25,10,38,35.579,951.42,34.5
2018,5,25,10,38,36.232,952.07,34.5
2018,5,25,10,38,36.889,952.73,34.5
2018,5,25,10,38,37.54,953.38,34.5
2018,5,25,10,38,38.196,954.04,34.4
2018,5,25,10,38,38.85,954.69,34.4
2018,5,25,10,38,39.504,955.35,34.4
2018,5,25,10,38,40.16,956,34.4
2018,5,25,10,38,40.811,956.65,34.4
2018,5,25,10,38,41.468,957.31,34.4
2018,5,25,10,38,42.141,957.98,34.4
2018,5,25,10,38,42.777,958.62,34.4
2018,5,25,10,38,43.432,959.27,34.4
2018,5,25,10,38,44.087,959.93,34.4
2018,5,25,10,38,44.743,960.59,34.4
2018,5,25,10,38,45.395,961.24,34.4
2018,5,25,10,38,46.091,961.93,34.4
2018,5,25,10,38,46.748,962.59,34.4
2018,5,25,10,38,47.404,963.25,34.4
2018,5,25,10,38,48.055,963.9,34.4
2018,5,25,10,38,48.71,964.55,34.4
2018,5,25,10,38,49.365,965.21,34.4
2018,5,25,10,38,50.02,965.86,34.4
2018,5,25,10,38,50.675,966.52,34.4
2018,5,25,10,38,51.327,967.17,34.4
2018,5,25,10,38,51.98,967.82,34.3
2018,5,25,10,38,52.637,968.48,34.4
2018,5,25,10,38,53.291,969.13,34.3
2018,5,25,10,38,53.946,969.79,34.3
2018,5,25,10,38,54.603,970.45,34.3
2018,5,25,10,38,55.257,971.1,34.3
2018,5,25,10,38,55.913,971.76,34.3
2018,5,25,10,38,56.564,972.41,34.3
2018,5,25,10,38,57.22,973.06,34.3
2018,5,25,10,38,57.874,973.72,34.3
2018,5,25,10,38,58.529,974.37,34.3
2018,5,25,10,38,59.186,975.03,34.3
2018,5,25,10,38,59.841,975.68,34.3
2018,5,25,10,39,0.497,976.34,34.3
2018,5,25,10,39,1.152,976.99,34.3
2018,5,25,10,39,1.804,977.65,34.3
2018,5,25,10,39,2.457,978.3,34.3
2018,5,25,10,39,3.113,978.96,34.3
2018,5,25,10,39,3.769,979.61,34.3
2018,5,25,10,39,4.423,980.27,34.3
2018,5,25,10,39,5.078,980.92,34.3
2018,5,25,10,39,5.734,981.58,34.3
2018,5,25,10,39,6.385,982.23,34.3
2018,5,25,10,39,7.042,982.88,34.3
2018,5,25,10,39,7.697,983.54,34.2
2018,5,25,10,39,8.353,984.2,34.2
2018,5,25,10,39,9.008,984.85,34.2
2018,5,25,10,39,9.657,985.5,34.2
2018,5,25,10,39,10.313,986.16,34.2
2018,5,25,10,39,10.968,986.81,34.2
2018,5,25,10,39,11.623,987.47,34.2
2018,5,25,10,39,12.28,988.12,34.2
2018,5,25,10,39,12.936,988.78,34.2
2018,5,25,10,39,13.59,989.43,34.2
2018,5,25,10,39,14.244,990.09,34.2
2018,5,25,10,39,14.898,990.74,34.2
2018,5,25,10,39,15.551,991.39,34.2
2018,5,25,10,39,16.207,992.05,34.2
2018,5,25,10,39,16.862,992.7,34.2
2018,5,25,10,39,17.519,993.36,34.2
2018,5,25,10,39,18.185,994.03,34.2
2018,5,25,10,39,18.828,994.67,34.2
2018,5,25,10,39,19.48,995.32,34.2
2018,5,25,10,39,20.133,995.98,34.2
2018,5,25,10,39,20.789,996.63,34.2
2018,5,25,10,39,21.446,997.29,34.2
2018,5,25,10,39,22.102,997.94,34.1
2018,5,25,10,39,22.756,998.6,34.1
2018,5,25,10,39,23.411,999.25,34.1
2018,5,25,10,39,24.062,999.9,34.1
2018,5,25,10,39,24.72,1000.6,34.1
2018,5,25,10,39,25.372,1001.2,34.1
2018,5,25,10,39,26.03,1001.9,34.1
2018,5,25,10,39,26.683,1002.5,34.1
2018,5,25,10,39,27.341,1003.2,34.1
2018,5,25,10,39,27.995,1003.8,34.1
2018,5,25,10,39,28.649,1004.5,34.1
2018,5,25,10,39,29.302,1005.1,34.1
2018,5,25,10,39,29.957,1005.8,34.1
2018,5,25,10,39,30.611,1006.5,34.1
2018,5,25,10,39,31.268,1007.1,34.1
2018,5,25,10,39,31.922,1007.8,34.1
2018,5,25,10,39,32.577,1008.4,34.1
2018,5,25,10,39,33.228,1009.1,34.1
2018,5,25,10,39,33.885,1009.7,34.1
2018,5,25,10,39,34.538,1010.4,34.1
2018,5,25,10,39,35.195,1011,34.1
2018,5,25,10,39,35.85,1011.7,34.1
2018,5,25,10,39,36.507,1012.3,34.1
2018,5,25,10,39,37.161,1013,34.1
2018,5,25,10,39,37.817,1013.7,34.1
2018,5,25,10,39,38.474,1014.3,34.1
2018,5,25,10,39,39.12,1015,34
2018,5,25,10,39,39.779,1015.6,34
2018,5,25,10,39,40.435,1016.3,34
2018,5,25,10,39,41.088,1016.9,34
2018,5,25,10,39,41.744,1017.6,34
2018,5,25,10,39,42.401,1018.2,34
2018,5,25,10,39,43.052,1018.9,34
2018,5,25,10,39,43.707,1019.5,34
2018,5,25,10,39,44.362,1020.2,34
2018,5,25,10,39,45.016,1020.9,34
2018,5,25,10,39,45.672,1021.5,34
2018,5,25,10,39,46.322,1022.2,34
2018,5,25,10,39,46.978,1022.8,34
2018,5,25,10,39,47.635,1023.5,34
2018,5,25,10,39,48.291,1024.1,34
2018,5,25,10,39,48.945,1024.8,34
2018,5,25,10,39,49.595,1025.4,34
2018,5,25,10,39,50.251,1026.1,34
2018,5,25,10,39,50.906,1026.7,34
2018,5,25,10,39,51.562,1027.4,33.9
2018,5,25,10,39,52.217,1028.1,34
2018,5,25,10,39,52.871,1028.7,34
2018,5,25,10,39,53.525,1029.4,33.9
2018,5,25,10,39,54.18,1030,33.9
2018,5,25,10,39,54.834,1030.7,33.9
2018,5,25,10,39,55.49,1031.3,33.9
2018,5,25,10,39,56.144,1032,33.9
2018,5,25,10,39,56.803,1032.6,33.9
2018,5,25,10,39,57.456,1033.3,33.9
2018,5,25,10,39,58.107,1034,33.9
2018,5,25,10,39,58.762,1034.6,33.9
2018,5,25,10,39,59.418,1035.3,33.9
2018,5,25,10,40,0.073,1035.9,33.9
2018,5,25,10,40,0.729,1036.6,33.9
2018,5,25,10,40,1.383,1037.2,33.9
2018,5,25,10,40,2.034,1037.9,33.9
2018,5,25,10,40,2.691,1038.5,33.9
2018,5,25,10,40,3.344,1039.2,33.9
2018,5,25,10,40,4,1039.8,33.9
2018,5,25,10,40,4.657,1040.5,33.9
2018,5,25,10,40,5.31,1041.2,33.9
2018,5,25,10,40,5.962,1041.8,33.9
2018,5,25,10,40,6.617,1042.5,33.9
2018,5,25,10,40,7.272,1043.1,33.8
2018,5,25,10,40,7.927,1043.8,33.8
2018,5,25,10,40,8.583,1044.4,33.8
2018,5,25,10,40,9.239,1045.1,33.8
2018,5,25,10,40,9.895,1045.7,33.8
2018,5,25,10,40,10.546,1046.4,33.8
2018,5,25,10,40,11.203,1047,33.8
2018,5,25,10,40,11.855,1047.7,33.8
2018,5,25,10,40,12.511,1048.4,33.8
2018,5,25,10,40,13.167,1049,33.8
2018,5,25,10,40,13.821,1049.7,33.8
2018,5,25,10,40,14.477,1050.3,33.8
2018,5,25,10,40,15.131,1051,33.8
2018,5,25,10,40,15.785,1051.6,33.8
2018,5,25,10,40,16.441,1052.3,33.8
2018,5,25,10,40,17.095,1052.9,33.8
2018,5,25,10,40,17.75,1053.6,33.8
2018,5,25,10,40,18.406,1054.2,33.8
2018,5,25,10,40,19.056,1054.9,33.8
2018,5,25,10,40,19.711,1055.6,33.8
2018,5,25,10,40,20.366,1056.2,33.8
2018,5,25,10,40,21.024,1056.9,33.8
2018,5,25,10,40,21.672,1057.5,33.8
2018,5,25,10,40,22.33,1058.2,33.8
2018,5,25,10,40,22.983,1058.8,33.7
2018,5,25,10,40,23.64,1059.5,33.7
2018,5,25,10,40,24.296,1060.1,33.7
2018,5,25,10,40,24.95,1060.8,33.7
2018,5,25,10,40,25.602,1061.4,33.7
2018,5,25,10,40,26.258,1062.1,33.7
2018,5,25,10,40,26.912,1062.8,33.7
2018,5,25,10,40,27.567,1063.4,33.7
2018,5,25,10,40,28.223,1064.1,33.7
2018,5,25,10,40,28.877,1064.7,33.7
2018,5,25,10,40,29.529,1065.4,33.7
2018,5,25,10,40,30.185,1066,33.7
2018,5,25,10,40,30.839,1066.7,33.7
2018,5,25,10,40,31.494,1067.3,33.7
2018,5,25,10,40,32.153,1068,33.7
2018,5,25,10,40,32.806,1068.6,33.7
2018,5,25,10,40,33.456,1069.3,33.7
2018,5,25,10,40,34.114,1070,33.7
2018,5,25,10,40,34.769,1070.6,33.7
2018,5,25,10,40,35.423,1071.3,33.7
2018,5,25,10,40,36.078,1071.9,33.7
2018,5,25,10,40,36.734,1072.6,33.7
2018,5,25,10,40,37.386,1073.2,33.7
2018,5,25,10,40,38.041,1073.9,33.7
2018,5,25,10,40,38.697,1074.5,33.7
2018,5,25,10,40,39.351,1075.2,33.6
2018,5,25,10,40,40.008,1075.9,33.6
2018,5,25,10,40,40.661,1076.5,33.6
2018,5,25,10,40,41.317,1077.2,33.6
2018,5,25,10,40,41.968,1077.8,33.6
2018,5,25,10,40,42.624,1078.5,33.6
2018,5,25,10,40,43.28,1079.1,33.6
2018,5,25,10,40,43.936,1079.8,33.6
2018,5,25,10,40,44.59,1080.4,33.6
2018,5,25,10,40,45.25,1081.1,33.6
2018,5,25,10,40,45.901,1081.7,33.6
2018,5,25,10,40,46.552,1082.4,33.6
2018,5,25,10,40,47.205,1083,33.6
2018,5,25,10,40,47.861,1083.7,33.6
2018,5,25,10,40,48.516,1084.4,33.6
2018,5,25,10,40,49.171,1085,33.6
2018,5,25,10,40,49.828,1085.7,33.6
2018,5,25,10,40,50.483,1086.3,33.6
2018,5,25,10,40,51.134,1087,33.6
2018,5,25,10,40,51.788,1087.6,33.6
2018,5,25,10,40,52.444,1088.3,33.6
2018,5,25,10,40,53.102,1088.9,33.5
2018,5,25,10,40,53.755,1089.6,33.6
2018,5,25,10,40,54.406,1090.2,33.5
2018,5,25,10,40,55.063,1090.9,33.6
2018,5,25,10,40,55.718,1091.6,33.5
2018,5,25,10,40,56.373,1092.2,33.5
2018,5,25,10,40,57.029,1092.9,33.5
2018,5,25,10,40,57.695,1093.5,33.5
2018,5,25,10,40,58.35,1094.2,33.5
2018,5,25,10,40,59.006,1094.8,33.5
2018,5,25,10,40,59.661,1095.5,33.5
2018,5,25,10,41,0.317,1096.2,33.5
2018,5,25,10,41,0.973,1096.8,33.5
2018,5,25,10,41,1.628,1097.5,33.5
2018,5,25,10,41,2.28,1098.1,33.5
2018,5,25,10,41,2.935,1098.8,33.5
2018,5,25,10,41,4.034,1099.9,33.5
2018,5,25,10,41,4.245,1100.1,NaN
2018,5,25,10,41,4.901,1100.7,33.5
2018,5,25,10,41,5.556,1101.4,33.5
2018,5,25,10,41,6.211,1102.1,33.5
2018,5,25,10,41,6.863,1102.7,33.5
2018,5,25,10,41,7.518,1103.4,33.5
2018,5,25,10,41,8.171,1104,33.5
2018,5,25,10,41,8.831,1104.7,33.5
2018,5,25,10,41,9.482,1105.3,33.5
2018,5,25,10,41,10.139,1106,33.5
2018,5,25,10,41,10.789,1106.6,33.4
2018,5,25,10,41,11.445,1107.3,33.5
2018,5,25,10,41,12.099,1107.9,33.4
2018,5,25,10,41,12.755,1108.6,33.4
2018,5,25,10,41,13.412,1109.3,33.4
2018,5,25,10,41,14.066,1109.9,33.4
2018,5,25,10,41,14.721,1110.6,33.4
2018,5,25,10,41,15.374,1111.2,33.4
2018,5,25,10,41,16.094,1111.9,33.4
2018,5,25,10,41,16.779,1112.6,33.4
2018,5,25,10,41,17.434,1113.3,33.4
2018,5,25,10,41,18.083,1113.9,33.4
2018,5,25,10,41,18.741,1114.6,33.4
2018,5,25,10,41,19.394,1115.2,33.4
2018,5,25,10,41,20.052,1115.9,33.4
2018,5,25,10,41,20.705,1116.5,33.4
2018,5,25,10,41,21.36,1117.2,33.4
2018,5,25,10,41,22.017,1117.9,33.4
2018,5,25,10,41,22.667,1118.5,33.4
2018,5,25,10,41,23.322,1119.2,33.4
2018,5,25,10,41,23.979,1119.8,33.4
2018,5,25,10,41,24.632,1120.5,33.4
2018,5,25,10,41,25.289,1121.1,33.4
2018,5,25,10,41,25.943,1121.8,33.4
2018,5,25,10,41,26.597,1122.4,33.4
2018,5,25,10,41,27.251,1123.1,33.3
2018,5,25,10,41,27.905,1123.7,33.3
2018,5,25,10,41,28.561,1124.4,33.3
2018,5,25,10,41,29.218,1125.1,33.3
2018,5,25,10,41,29.87,1125.7,33.3
2018,5,25,10,41,30.522,1126.4,33.3
2018,5,25,10,41,31.179,1127,33.3
2018,5,25,10,41,31.834,1127.7,33.3
2018,5,25,10,41,32.483,1128.3,33.3
2018,5,25,10,41,33.142,1129,33.3
2018,5,25,10,41,33.797,1129.6,33.3
2018,5,25,10,41,34.449,1130.3,33.3
2018,5,25,10,41,35.105,1130.9,33.3
2018,5,25,10,41,35.76,1131.6,33.3
2018,5,25,10,41,36.416,1132.3,33.3
2018,5,25,10,41,37.069,1132.9,33.3
2018,5,25,10,41,37.724,1133.6,33.3
2018,5,25,10,41,38.379,1134.2,33.3
2018,5,25,10,41,39.033,1134.9,33.3
2018,5,25,10,41,39.69,1135.5,33.3
2018,5,25,10,41,40.345,1136.2,33.3
2018,5,25,10,41,41,1136.8,33.3
2018,5,25,10,41,41.653,1137.5,33.3
2018,5,25,10,41,42.319,1138.2,33.3
2018,5,25,10,41,42.962,1138.8,33.2
2018,5,25,10,41,43.618,1139.5,33.2
2018,5,25,10,41,44.272,1140.1,33.2
2018,5,25,10,41,44.924,1140.8,33.2
2018,5,25,10,41,45.578,1141.4,33.2
2018,5,25,10,41,46.234,1142.1,33.2
2018,5,25,10,41,46.89,1142.7,33.2
2018,5,25,10,41,47.544,1143.4,33.2
2018,5,25,10,41,48.2,1144,33.2
2018,5,25,10,41,48.856,1144.7,33.2
2018,5,25,10,41,49.506,1145.3,33.2
2018,5,25,10,41,50.161,1146,33.2
2018,5,25,10,41,50.816,1146.7,33.2
2018,5,25,10,41,51.472,1147.3,33.2
2018,5,25,10,41,52.128,1148,33.2
2018,5,25,10,41,52.783,1148.6,33.2
2018,5,25,10,41,53.435,1149.3,33.2
2018,5,25,10,41,54.089,1149.9,33.2
2018,5,25,10,41,54.746,1150.6,33.2
2018,5,25,10,41,55.399,1151.2,33.2
2018,5,25,10,41,56.057,1151.9,33.2
2018,5,25,10,41,56.707,1152.5,33.2
2018,5,25,10,41,57.362,1153.2,33.2
2018,5,25,10,41,58.017,1153.9,33.2
2018,5,25,10,41,58.673,1154.5,33.2
2018,5,25,10,41,59.329,1155.2,33.1
2018,5,25,10,41,59.983,1155.8,33.1
2018,5,25,10,42,0.636,1156.5,33.1
2018,5,25,10,42,1.289,1157.1,33.1
2018,5,25,10,42,1.945,1157.8,33.1
2018,5,25,10,42,2.6,1158.4,33.1
2018,5,25,10,42,3.256,1159.1,33.1
2018,5,25,10,42,3.911,1159.8,33.1
2018,5,25,10,42,4.567,1160.4,33.1
2018,5,25,10,42,5.223,1161.1,33.1
2018,5,25,10,42,5.874,1161.7,33.1
2018,5,25,10,42,6.528,1162.4,33.1
2018,5,25,10,42,7.185,1163,33.1
2018,5,25,10,42,7.839,1163.7,33.1
2018,5,25,10,42,8.494,1164.3,33.1
2018,5,25,10,42,9.15,1165,33.1
2018,5,25,10,42,9.802,1165.6,33.1
2018,5,25,10,42,10.457,1166.3,33.1
2018,5,25,10,42,11.111,1167,33.1
2018,5,25,10,42,11.767,1167.6,33.1
2018,5,25,10,42,12.423,1168.3,33.1
2018,5,25,10,42,13.076,1168.9,33.1
2018,5,25,10,42,13.732,1169.6,33.1
2018,5,25,10,42,14.386,1170.2,33.1
2018,5,25,10,42,15.039,1170.9,33.1
2018,5,25,10,42,15.695,1171.5,33.1
2018,5,25,10,42,16.351,1172.2,33.1
2018,5,25,10,42,17.005,1172.8,33
2018,5,25,10,42,17.66,1173.5,33
2018,5,25,10,42,18.316,1174.2,33
2018,5,25,10,42,18.97,1174.8,33
2018,5,25,10,42,19.627,1175.5,33
2018,5,25,10,42,20.278,1176.1,33
2018,5,25,10,42,20.932,1176.8,33
2018,5,25,10,42,21.59,1177.4,33
2018,5,25,10,42,22.243,1178.1,33
2018,5,25,10,42,22.898,1178.7,33
2018,5,25,10,42,23.555,1179.4,33
2018,5,25,10,42,24.209,1180.1,33
2018,5,25,10,42,24.861,1180.7,33
2018,5,25,10,42,25.53,1181.4,33
2018,5,25,10,42,26.183,1182,33
2018,5,25,10,42,26.836,1182.7,33
2018,5,25,10,42,27.489,1183.3,33
2018,5,25,10,42,28.145,1184,33
2018,5,25,10,42,28.821,1184.7,33
2018,5,25,10,42,29.477,1185.3,33
2018,5,25,10,42,30.133,1186,33
2018,5,25,10,42,30.787,1186.6,33
2018,5,25,10,42,31.44,1187.3,33
2018,5,25,10,42,32.095,1187.9,33
2018,5,25,10,42,32.75,1188.6,33
2018,5,25,10,42,33.405,1189.2,33
2018,5,25,10,42,34.058,1189.9,33
2018,5,25,10,42,34.712,1190.6,33
2018,5,25,10,42,35.367,1191.2,33
2018,5,25,10,42,36.024,1191.9,33
2018,5,25,10,42,36.677,1192.5,32.9
2018,5,25,10,42,37.333,1193.2,32.9
2018,5,25,10,42,37.988,1193.8,32.9
2018,5,25,10,42,38.642,1194.5,32.9
2018,5,25,10,42,39.294,1195.1,32.9
2018,5,25,10,42,39.951,1195.8,32.9
2018,5,25,10,42,40.605,1196.4,32.9
2018,5,25,10,42,41.261,1197.1,32.9
2018,5,25,10,42,41.915,1197.8,32.9
2018,5,25,10,42,42.572,1198.4,32.9
2018,5,25,10,42,43.227,1199.1,32.9
2018,5,25,10,42,43.878,1199.7,32.9
2018,5,25,10,42,44.533,1200.4,32.9
2018,5,25,10,42,45.188,1201,32.9
2018,5,25,10,42,45.843,1201.7,32.9
2018,5,25,10,42,46.498,1202.3,32.9
2018,5,25,10,42,47.153,1203,32.9
2018,5,25,10,42,47.809,1203.7,32.9
2018,5,25,10,42,48.466,1204.3,32.9
2018,5,25,10,42,49.115,1205,32.9
2018,5,25,10,42,49.77,1205.6,32.9
2018,5,25,10,42,50.426,1206.3,32.9
2018,5,25,10,42,51.081,1206.9,32.9
2018,5,25,10,42,51.738,1207.6,32.9
2018,5,25,10,42,52.393,1208.2,32.9
2018,5,25,10,42,53.044,1208.9,32.9
2018,5,25,10,42,53.699,1209.5,32.9
2018,5,25,10,42,54.355,1210.2,32.8
2018,5,25,10,42,55.009,1210.9,32.8
2018,5,25,10,42,55.666,1211.5,32.8
2018,5,25,10,42,56.321,1212.2,32.8
2018,5,25,10,42,56.972,1212.8,32.8
2018,5,25,10,42,57.626,1213.5,32.8
2018,5,25,10,42,58.285,1214.1,32.8
2018,5,25,10,42,58.938,1214.8,32.8
2018,5,25,10,42,59.594,1215.4,32.8
2018,5,25,10,43,0.249,1216.1,32.8
2018,5,25,10,43,0.904,1216.7,32.8
2018,5,25,10,43,1.555,1217.4,32.8
2018,5,25,10,43,2.211,1218.1,32.8
2018,5,25,10,43,2.875,1218.7,32.8
2018,5,25,10,43,3.52,1219.4,32.8
2018,5,25,10,43,4.177,1220,32.8
2018,5,25,10,43,4.83,1220.7,32.8
2018,5,25,10,43,5.487,1221.3,32.8
2018,5,25,10,43,6.142,1222,32.8
2018,5,25,10,43,6.794,1222.6,32.8
2018,5,25,10,43,7.448,1223.3,32.8
2018,5,25,10,43,8.103,1223.9,32.8
2018,5,25,10,43,8.759,1224.6,32.8
2018,5,25,10,43,9.415,1225.3,32.8
2018,5,25,10,43,10.071,1225.9,32.8
2018,5,25,10,43,10.724,1226.6,32.8
2018,5,25,10,43,11.375,1227.2,32.8
2018,5,25,10,43,12.032,1227.9,32.7
2018,5,25,10,43,12.686,1228.5,32.7
2018,5,25,10,43,13.34,1229.2,32.7
2018,5,25,10,43,13.998,1229.8,32.7
2018,5,25,10,43,14.652,1230.5,32.7
2018,5,25,10,43,15.308,1231.2,32.7
2018,5,25,10,43,15.959,1231.8,32.7
2018,5,25,10,43,16.615,1232.5,32.7
2018,5,25,10,43,17.271,1233.1,32.7
2018,5,25,10,43,17.925,1233.8,32.7
2018,5,25,10,43,18.581,1234.4,32.7
2018,5,25,10,43,19.235,1235.1,32.7
2018,5,25,10,43,19.89,1235.7,32.7
2018,5,25,10,43,20.542,1236.4,32.7
2018,5,25,10,43,21.199,1237,32.7
2018,5,25,10,43,21.855,1237.7,32.7
2018,5,25,10,43,22.509,1238.4,32.7
2018,5,25,10,43,23.164,1239,32.7
2018,5,25,10,43,23.82,1239.7,32.7
2018,5,25,10,43,24.476,1240.3,32.7
2018,5,25,10,43,25.126,1241,32.7
2018,5,25,10,43,25.781,1241.6,32.7
2018,5,25,10,43,26.438,1242.3,32.6
2018,5,25,10,43,27.091,1242.9,32.6
2018,5,25,10,43,27.748,1243.6,32.6
2018,5,25,10,43,28.403,1244.2,32.6
2018,5,25,10,43,29.059,1244.9,32.6
2018,5,25,10,43,29.708,1245.6,32.6
2018,5,25,10,43,30.367,1246.2,32.6
2018,5,25,10,43,31.017,1246.9,32.6
2018,5,25,10,43,31.675,1247.5,32.6
2018,5,25,10,43,32.329,1248.2,32.6
2018,5,25,10,43,32.981,1248.8,32.6
2018,5,25,10,43,33.637,1249.5,32.6
2018,5,25,10,43,34.292,1250.1,32.6
2018,5,25,10,43,34.948,1250.8,32.6
2018,5,25,10,43,35.603,1251.4,32.6
2018,5,25,10,43,36.256,1252.1,32.6
2018,5,25,10,43,36.914,1252.8,32.6
2018,5,25,10,43,37.57,1253.4,32.6
2018,5,25,10,43,38.22,1254.1,32.6
2018,5,25,10,43,38.874,1254.7,32.6
2018,5,25,10,43,39.528,1255.4,32.6
2018,5,25,10,43,40.185,1256,32.6
2018,5,25,10,43,40.841,1256.7,32.6
2018,5,25,10,43,41.496,1257.3,32.6
2018,5,25,10,43,42.15,1258,32.6
2018,5,25,10,43,42.805,1258.6,32.6
2018,5,25,10,43,43.457,1259.3,32.6
2018,5,25,10,43,44.112,1260,32.6
2018,5,25,10,43,44.768,1260.6,32.6
2018,5,25,10,43,45.425,1261.3,32.6
2018,5,25,10,43,46.076,1261.9,32.6
2018,5,25,10,43,46.732,1262.6,32.6
2018,5,25,10,43,47.385,1263.2,32.6
2018,5,25,10,43,48.04,1263.9,32.5
2018,5,25,10,43,48.695,1264.5,32.6
2018,5,25,10,43,49.351,1265.2,32.5
2018,5,25,10,43,50.006,1265.8,32.5
2018,5,25,10,43,50.664,1266.5,32.5
2018,5,25,10,43,51.314,1267.2,32.5
2018,5,25,10,43,51.968,1267.8,32.5
2018,5,25,10,43,52.625,1268.5,32.6
2018,5,25,10,43,53.278,1269.1,32.5
2018,5,25,10,43,53.938,1269.8,32.5
2018,5,25,10,43,54.591,1270.4,32.5
2018,5,25,10,43,55.241,1271.1,32.5
2018,5,25,10,43,55.899,1271.7,32.5
2018,5,25,10,43,56.551,1272.4,32.5
2018,5,25,10,43,57.206,1273,32.5
2018,5,25,10,43,57.86,1273.7,32.5
2018,5,25,10,43,58.515,1274.4,32.5
2018,5,25,10,43,59.17,1275,32.5
2018,5,25,10,43,59.827,1275.7,32.5
2018,5,25,10,44,0.479,1276.3,32.5
2018,5,25,10,44,1.134,1277,32.5
2018,5,25,10,44,1.786,1277.6,32.5
2018,5,25,10,44,2.442,1278.3,32.5
2018,5,25,10,44,3.097,1278.9,32.5
2018,5,25,10,44,3.753,1279.6,32.5
2018,5,25,10,44,4.408,1280.3,32.5
2018,5,25,10,44,5.063,1280.9,32.5
2018,5,25,10,44,5.715,1281.6,32.5
2018,5,25,10,44,6.37,1282.2,32.5
2018,5,25,10,44,7.025,1282.9,32.5
2018,5,25,10,44,7.682,1283.5,32.5
2018,5,25,10,44,8.336,1284.2,32.5
2018,5,25,10,44,8.99,1284.8,32.5
2018,5,25,10,44,9.647,1285.5,32.5
2018,5,25,10,44,10.3,1286.1,32.5
2018,5,25,10,44,10.955,1286.8,32.5
2018,5,25,10,44,11.607,1287.4,32.5
2018,5,25,10,44,12.262,1288.1,32.5
2018,5,25,10,44,12.919,1288.8,32.4
2018,5,25,10,44,13.575,1289.4,32.4
2018,5,25,10,44,14.23,1290.1,32.4
2018,5,25,10,44,14.88,1290.7,32.4
2018,5,25,10,44,15.538,1291.4,32.4
2018,5,25,10,44,16.189,1292,32.4
2018,5,25,10,44,16.845,1292.7,32.4
2018,5,25,10,44,17.502,1293.3,32.4
2018,5,25,10,44,18.154,1294,32.4
2018,5,25,10,44,18.808,1294.7,32.4
2018,5,25,10,44,19.464,1295.3,32.4
2018,5,25,10,44,20.118,1296,32.4
2018,5,25,10,44,20.776,1296.6,32.4
2018,5,25,10,44,21.427,1297.3,32.4
2018,5,25,10,44,22.08,1297.9,32.4
2018,5,25,10,44,22.737,1298.6,32.4
2018,5,25,10,44,23.391,1299.2,32.4
2018,5,25,10,44,24.046,1299.9,32.4
2018,5,25,10,44,24.703,1300.5,32.4
2018,5,25,10,44,25.358,1301.2,32.4
2018,5,25,10,44,26.009,1301.9,32.4
2018,5,25,10,44,26.664,1302.5,32.4
2018,5,25,10,44,27.319,1303.2,32.4
2018,5,25,10,44,27.973,1303.8,32.4
2018,5,25,10,44,28.631,1304.5,32.4
2018,5,25,10,44,29.281,1305.1,32.4
2018,5,25,10,44,29.936,1305.8,32.4
2018,5,25,10,44,30.592,1306.4,32.4
2018,5,25,10,44,31.249,1307.1,32.4
2018,5,25,10,44,31.902,1307.7,32.4
2018,5,25,10,44,32.555,1308.4,32.4
2018,5,25,10,44,33.211,1309.1,32.4
2018,5,25,10,44,33.864,1309.7,32.4
2018,5,25,10,44,34.52,1310.4,32.4
2018,5,25,10,44,35.173,1311,32.4
2018,5,25,10,44,35.831,1311.7,32.4
2018,5,25,10,44,36.486,1312.3,32.3
2018,5,25,10,44,37.137,1313,32.3
2018,5,25,10,44,37.792,1313.6,32.3
2018,5,25,10,44,38.448,1314.3,32.3
2018,5,25,10,44,39.103,1314.9,32.3
2018,5,25,10,44,39.759,1315.6,32.3
2018,5,25,10,44,40.416,1316.3,32.3
2018,5,25,10,44,41.066,1316.9,32.3
2018,5,25,10,44,41.719,1317.6,32.3
2018,5,25,10,44,42.376,1318.2,32.3
2018,5,25,10,44,43.029,1318.9,32.3
2018,5,25,10,44,43.684,1319.5,32.3
2018,5,25,10,44,44.338,1320.2,32.3
2018,5,25,10,44,44.992,1320.8,32.3
2018,5,25,10,44,45.648,1321.5,32.3
2018,5,25,10,44,46.302,1322.1,32.3
2018,5,25,10,44,46.958,1322.8,32.3
2018,5,25,10,44,47.614,1323.5,32.3
2018,5,25,10,44,48.264,1324.1,32.3
2018,5,25,10,44,48.92,1324.8,32.3
2018,5,25,10,44,49.577,1325.4,32.3
2018,5,25,10,44,50.232,1326.1,32.3
2018,5,25,10,44,50.888,1326.7,32.3
2018,5,25,10,44,51.543,1327.4,32.3
2018,5,25,10,44,52.192,1328,32.3
2018,5,25,10,44,52.85,1328.7,32.3
2018,5,25,10,44,53.504,1329.3,32.3
2018,5,25,10,44,54.158,1330,32.3
2018,5,25,10,44,54.814,1330.7,32.3
2018,5,25,10,44,55.465,1331.3,32.3
2018,5,25,10,44,56.12,1332,32.3
2018,5,25,10,44,56.775,1332.6,32.2
2018,5,25,10,44,57.432,1333.3,32.2
2018,5,25,10,44,58.088,1333.9,32.3
2018,5,25,10,44,58.738,1334.6,32.2
2018,5,25,10,44,59.392,1335.2,32.2
2018,5,25,10,45,0.049,1335.9,NaN
2018,5,25,10,45,0.704,1336.5,32.2
2018,5,25,10,45,1.359,1337.2,32.2
2018,5,25,10,45,2.015,1337.9,32.2
2018,5,25,10,45,2.665,1338.5,32.2
2018,5,25,10,45,3.321,1339.2,32.2
2018,5,25,10,45,3.977,1339.8,32.2
2018,5,25,10,45,4.631,1340.5,32.2
2018,5,25,10,45,5.288,1341.1,32.2
2018,5,25,10,45,5.939,1341.8,32.2
2018,5,25,10,45,6.592,1342.4,32.2
2018,5,25,10,45,7.247,1343.1,32.2
2018,5,25,10,45,7.905,1343.7,32.2
2018,5,25,10,45,8.557,1344.4,32.2
2018,5,25,10,45,9.211,1345.1,32.2
2018,5,25,10,45,9.87,1345.7,32.2
2018,5,25,10,45,10.52,1346.4,32.2
2018,5,25,10,45,11.175,1347,32.2
2018,5,25,10,45,11.831,1347.7,32.2
2018,5,25,10,45,12.487,1348.3,32.2
2018,5,25,10,45,13.137,1349,32.2
2018,5,25,10,45,13.795,1349.6,32.2
2018,5,25,10,45,14.448,1350.3,32.2
2018,5,25,10,45,15.104,1350.9,32.2
2018,5,25,10,45,15.759,1351.6,32.2
2018,5,25,10,45,16.415,1352.3,32.2
2018,5,25,10,45,17.065,1352.9,32.1
2018,5,25,10,45,17.721,1353.6,32.2
2018,5,25,10,45,18.377,1354.2,32.1
2018,5,25,10,45,19.031,1354.9,32.1
2018,5,25,10,45,19.687,1355.5,32.2
2018,5,25,10,45,20.342,1356.2,32.1
2018,5,25,10,45,20.995,1356.8,32.1
2018,5,25,10,45,21.648,1357.5,32.1
2018,5,25,10,45,22.306,1358.1,32.1
2018,5,25,10,45,22.96,1358.8,32.1
2018,5,25,10,45,23.615,1359.5,32.1
2018,5,25,10,45,24.266,1360.1,32.1
2018,5,25,10,45,24.921,1360.8,32.1
2018,5,25,10,45,25.575,1361.4,32.1
2018,5,25,10,45,26.233,1362.1,32.1
2018,5,25,10,45,26.885,1362.7,32.1
2018,5,25,10,45,27.539,1363.4,32.1
2018,5,25,10,45,28.194,1364,32.1
2018,5,25,10,45,28.849,1364.7,32.1
2018,5,25,10,45,29.506,1365.3,32.1
2018,5,25,10,45,30.156,1366,32.1
2018,5,25,10,45,30.812,1366.7,32.1
2018,5,25,10,45,31.466,1367.3,32.1
2018,5,25,10,45,32.124,1368,32.1
2018,5,25,10,45,32.777,1368.6,32.1
2018,5,25,10,45,33.431,1369.3,32.1
2018,5,25,10,45,34.084,1369.9,32.1
2018,5,25,10,45,34.739,1370.6,32.1
2018,5,25,10,45,35.392,1371.2,32.1
2018,5,25,10,45,36.049,1371.9,32.1
2018,5,25,10,45,36.703,1372.5,32.1
2018,5,25,10,45,37.357,1373.2,32.1
2018,5,25,10,45,38.012,1373.9,32.1
2018,5,25,10,45,38.666,1374.5,32.1
2018,5,25,10,45,39.323,1375.2,32.1
2018,5,25,10,45,39.974,1375.8,32.1
2018,5,25,10,45,40.628,1376.5,32.1
2018,5,25,10,45,41.285,1377.1,32.1
2018,5,25,10,45,41.939,1377.8,32.1
2018,5,25,10,45,42.593,1378.4,32.1
2018,5,25,10,45,43.246,1379.1,32.1
2018,5,25,10,45,43.902,1379.7,32.1
2018,5,25,10,45,44.557,1380.4,32
2018,5,25,10,45,45.21,1381.1,32
2018,5,25,10,45,45.863,1381.7,32
2018,5,25,10,45,46.519,1382.4,32
2018,5,25,10,45,47.173,1383,32
2018,5,25,10,45,47.828,1383.7,32
2018,5,25,10,45,48.485,1384.3,32
2018,5,25,10,45,49.14,1385,32
2018,5,25,10,45,49.79,1385.6,32
2018,5,25,10,45,50.447,1386.3,32
2018,5,25,10,45,51.102,1386.9,32
2018,5,25,10,45,51.759,1387.6,32
2018,5,25,10,45,52.406,1388.2,32
2018,5,25,10,45,53.061,1388.9,32
2018,5,25,10,45,53.72,1389.6,32
2018,5,25,10,45,54.373,1390.2,32
2018,5,25,10,45,55.031,1390.9,32
2018,5,25,10,45,55.682,1391.5,32
2018,5,25,10,45,56.335,1392.2,32
2018,5,25,10,45,56.991,1392.8,32
2018,5,25,10,45,57.647,1393.5,32
2018,5,25,10,45,58.301,1394.1,32
2018,5,25,10,45,58.953,1394.8,32
2018,5,25,10,45,59.608,1395.5,32
2018,5,25,10,46,0.264,1396.1,32
2018,5,25,10,46,0.918,1396.8,32
2018,5,25,10,46,1.573,1397.4,32
2018,5,25,10,46,2.227,1398.1,32
2018,5,25,10,46,2.88,1398.7,32
2018,5,25,10,46,3.536,1399.4,31.9
2018,5,25,10,46,4.193,1400,32
2018,5,25,10,46,4.842,1400.7,32
2018,5,25,10,46,5.498,1401.3,32
2018,5,25,10,46,6.152,1402,32
2018,5,25,10,46,6.809,1402.7,32
2018,5,25,10,46,7.458,1403.3,32
2018,5,25,10,46,8.117,1404,32
2018,5,25,10,46,8.768,1404.6,32
2018,5,25,10,46,9.426,1405.3,31.9
2018,5,25,10,46,10.08,1405.9,31.9
2018,5,25,10,46,10.732,1406.6,31.9
2018,5,25,10,46,11.388,1407.2,31.9
2018,5,25,10,46,12.042,1407.9,31.9
2018,5,25,10,46,12.698,1408.5,31.9
2018,5,25,10,46,13.353,1409.2,31.9
2018,5,25,10,46,14.006,1409.8,31.9
2018,5,25,10,46,14.659,1410.5,31.9
2018,5,25,10,46,15.315,1411.2,31.9
2018,5,25,10,46,15.972,1411.8,31.9
2018,5,25,10,46,16.622,1412.5,31.9
2018,5,25,10,46,17.275,1413.1,31.9
2018,5,25,10,46,17.934,1413.8,31.9
2018,5,25,10,46,18.589,1414.4,31.9
2018,5,25,10,46,19.24,1415.1,31.9
2018,5,25,10,46,19.897,1415.7,31.9
2018,5,25,10,46,20.551,1416.4,31.9
2018,5,25,10,46,21.205,1417,31.9
2018,5,25,10,46,21.863,1417.7,31.9
2018,5,25,10,46,22.511,1418.4,31.9
2018,5,25,10,46,23.169,1419,31.9
2018,5,25,10,46,23.824,1419.7,31.9
2018,5,25,10,46,24.476,1420.3,31.9
2018,5,25,10,46,25.134,1421,31.9
2018,5,25,10,46,25.783,1421.6,31.9
2018,5,25,10,46,26.44,1422.3,31.9
2018,5,25,10,46,27.094,1422.9,31.9
2018,5,25,10,46,27.749,1423.6,31.8
2018,5,25,10,46,28.403,1424.2,31.9
2018,5,25,10,46,29.057,1424.9,31.9
2018,5,25,10,46,29.713,1425.6,31.9
2018,5,25,10,46,30.369,1426.2,31.8
2018,5,25,10,46,31.024,1426.9,31.8
2018,5,25,10,46,31.676,1427.5,31.8
2018,5,25,10,46,32.328,1428.2,31.8
2018,5,25,10,46,32.984,1428.8,31.8
2018,5,25,10,46,33.638,1429.5,31.8
2018,5,25,10,46,34.297,1430.1,31.8
2018,5,25,10,46,34.946,1430.8,31.8
2018,5,25,10,46,35.601,1431.4,31.8
2018,5,25,10,46,36.255,1432.1,31.8
2018,5,25,10,46,36.912,1432.8,31.8
2018,5,25,10,46,37.564,1433.4,31.8
2018,5,25,10,46,38.218,1434.1,31.8
2018,5,25,10,46,38.875,1434.7,31.8
2018,5,25,10,46,39.53,1435.4,31.8
2018,5,25,10,46,40.185,1436,31.8
2018,5,25,10,46,40.836,1436.7,31.8
2018,5,25,10,46,41.492,1437.3,31.8
2018,5,25,10,46,42.146,1438,31.8
2018,5,25,10,46,42.803,1438.6,31.8
2018,5,25,10,46,43.453,1439.3,31.8
2018,5,25,10,46,44.107,1440,31.8
2018,5,25,10,46,44.763,1440.6,31.8
2018,5,25,10,46,45.417,1441.3,31.7
2018,5,25,10,46,46.075,1441.9,31.7
2018,5,25,10,46,46.724,1442.6,31.7
2018,5,25,10,46,47.38,1443.2,31.7
2018,5,25,10,46,48.037,1443.9,31.7
2018,5,25,10,46,48.693,1444.5,31.7
2018,5,25,10,46,49.347,1445.2,31.7
2018,5,25,10,46,49.998,1445.8,31.7
2018,5,25,10,46,50.653,1446.5,31.7
2018,5,25,10,46,51.308,1447.2,31.7
2018,5,25,10,46,51.964,1447.8,31.7
2018,5,25,10,46,52.621,1448.5,31.7
2018,5,25,10,46,53.27,1449.1,31.7
2018,5,25,10,46,53.925,1449.8,31.7
2018,5,25,10,46,54.581,1450.4,31.7
2018,5,25,10,46,55.238,1451.1,31.7
2018,5,25,10,46,55.891,1451.7,31.7
2018,5,25,10,46,56.544,1452.4,31.7
2018,5,25,10,46,57.198,1453,31.7
2018,5,25,10,46,57.855,1453.7,31.7
2018,5,25,10,46,58.508,1454.4,31.7
2018,5,25,10,46,59.162,1455,31.7
2018,5,25,10,46,59.816,1455.7,NaN
2018,5,25,10,47,0.471,1456.3,31.7
2018,5,25,10,47,1.127,1457,31.7
2018,5,25,10,47,1.777,1457.6,31.7
